z,n,symbol,% abundance,half_life annum,atomic_mass AMU
0,1,n, ,613.9,1.0086649159
0,4,n, ,2.6,#VALUE!
0,6,n, , ,#VALUE!
1,0,H,99.9855,STABLE,1.007825031898
1,1,H,0.0145,STABLE,2.014101777844
1,2,H, ,12.32,3.01604928132
1,3,H, , ,4.026431867
1,4,H, ,5.3,5.035311492
1,5,H, ,1.55,6.044955437
1,6,H, ,0.09,7.052749
2,1,He,0.0002,STABLE,3.01602932197
2,2,He,99.9998,STABLE,4.00260325413
2,3,He, ,0.648,5.012057224
2,4,He, ,806.7,6.018885889
2,5,He, ,150,7.027990652
2,6,He, ,119.1,8.033934388
2,7,He, , ,9.043946414
2,8,He, ,300,10.052815306
3,1,Li, , ,4.027185561
3,2,Li, ,1.23,5.0125378
3,3,Li,4.85,STABLE,6.01512288742
3,4,Li,95.15,STABLE,7.01600343426
3,5,Li, ,839.9,8.022486244
3,6,Li, ,178.3,9.026790191
3,7,Li, , ,10.035483453
3,8,Li, ,8.75,11.043723581
3,9,LI, , ,12.052613942
4,2,Be, ,92,6.019726409
4,3,Be, ,53.22,7.016928714
4,4,Be, ,5.57,8.005305102
4,5,Be,100,STABLE,9.012183062
4,6,Be, ,1510000,10.013534692
4,7,Be, ,13.76,11.02166108
4,8,Be, ,21.46,12.026922082
4,9,Be, ,2.7E-21,13.036134506
4,10,Be, ,4.35,14.04289292
4,11,Be, ,0.58,15.053490215
4,12,Be, ,0.8,16.061672036
5,2,B, ,801,7.029712
5,3,B, ,770,8.024607315
5,4,B, ,0.54,9.013329645
5,5,B,19.65,STABLE,10.012936862
5,6,B,80.35,STABLE,11.009305166
5,7,B, ,20.2,12.014352638
5,8,B, ,17.33,13.017779981
5,9,B, ,12.5,14.02540401
5,10,B, ,9.93,15.031087023
5,11,B, ,100,16.039841045
5,12,B, ,5.08,17.046931399
5,13,B, , ,18.055601683
5,14,B, ,2.92,19.064166
5,15,B, ,500,20.074505644
5,16,B, ,600,21.084147485
6,2,C, ,130,8.037643039
6,3,C, ,126.5,9.031037202
6,4,C, ,19.29,10.016853217
6,5,C, ,20.364,11.011432597
6,6,C,98.94,STABLE,12
6,7,C,1.06,STABLE,13.00335483534
6,8,C, ,5700,14.00324198862
6,9,C, ,2.449,15.010599256
6,10,C, ,0.747,16.014701255
6,11,C, ,193,17.02257865
6,12,C, ,92,18.02675193
6,13,C, ,46.3,19.034797594
6,14,C, ,16.3,20.040261732
6,16,C, ,6.1,22.05755399
7,3,N, ,2.5,10.04165354
7,4,N, ,830,11.026157593
7,5,N, ,11,12.01861318
7,6,N, ,9.965,13.005738609
7,7,N,99.6205,STABLE,14.00307400425
7,8,N,0.3795,STABLE,15.00010889827
7,9,N, ,7.13,16.006101925
7,10,N, ,4.173,17.008448876
7,11,N, ,619,18.014077563
7,12,N, ,336,19.017022389
7,13,N, ,134.4,20.023367295
7,14,N, ,84,21.027087573
7,15,N, ,23,22.034100918
7,16,N, ,14.1,23.039421
7,17,N, ,52,24.05039
8,3,O, ,1.3,11.051249828
8,4,O, ,72,12.034367726
8,5,O, ,8.58,13.024815435
8,6,O, ,70.606,14.008596706
8,7,O, ,122.24,15.003065636
8,8,O,99.757,STABLE,15.99491461926
8,9,O,0.03835,STABLE,16.99913175595
8,10,O,0.2045,STABLE,17.99915961214
8,11,O, ,26.88,19.003577969
8,12,O, ,13.51,20.004075357
8,13,O, ,3.42,21.008654948
8,14,O, ,2.25,22.009965744
8,15,O, ,97,23.015696686
8,16,O, ,65,24.019861
8,18,O, ,4.5,26.037210155
9,4,F, ,1.01,13.045121
9,5,F, ,910,14.034315196
9,6,F, ,660,15.017785139
9,7,F, ,40,16.011460278
9,8,F, ,64.49,17.002095237
9,9,F, ,109.77,18.000937324
9,10,F,100,STABLE,18.99840316207
9,11,F, ,11.07,19.999981252
9,12,F, ,4.158,20.999948893
9,13,F, ,4.23,22.002998812
9,14,F, ,2.23,23.003526875
9,15,F, ,390,24.00809937
9,16,F, ,80,25.012167727
9,17,F, ,8.2,26.020048065
9,18,F, ,5,27.026981897
9,19,F, ,0.046,28.035860448
9,20,F, ,2.5,29.043103
9,21,F, , ,30.052561
9,22,F, ,260,31.061023
10,5,Ne, ,0.59,15.043172977
10,6,Ne, ,80,16.02575086
10,7,Ne, ,109.2,17.017713962
10,8,Ne, ,1672,18.005708696
10,9,Ne, ,17.22,19.001880906
10,10,Ne,90.48,STABLE,19.99244017525
10,11,Ne,0.27,STABLE,20.993846685
10,12,Ne,9.25,STABLE,21.991385113
10,13,Ne, ,37.25,22.994466905
10,14,Ne, ,3.38,23.993610649
10,15,Ne, ,602,24.997814797
10,16,Ne, ,197,26.000516496
10,17,Ne, ,31.5,27.007569462
10,18,Ne, ,20,28.012130767
10,19,Ne, ,15,29.019753
10,20,Ne, ,7.3,30.024992235
10,21,Ne, ,3.4,31.033474816
10,22,Ne, ,3.5,32.03972
10,23,Ne, ,180,33.049523
10,24,Ne, ,60,34.056728
11,6,Na, , ,17.037273
11,7,Na, ,0.2,18.026879388
11,8,Na, ,40,19.013880264
11,9,Na, ,447.9,20.007354301
11,10,Na, ,22.49,20.997654459
11,11,Na, ,2.6018,21.994437547
11,12,Na,100,STABLE,22.98976928195
11,13,Na, ,14.997,23.990963012
11,14,Na, ,59.1,24.989953974
11,15,Na, ,1.07128,25.992634649
11,16,Na, ,301,26.994076408
11,17,Na, ,30.5,27.998939
11,18,Na, ,44.1,29.002877091
11,19,Na, ,48,30.009097931
11,20,Na, ,17.35,31.013146654
11,21,Na, ,13.2,32.020011024
11,22,Na, ,8,33.025529
11,23,Na, ,5.5,34.03401
11,24,Na, ,1.8,35.040614
11,25,Na, ,180,36.049279
11,26,Na, ,60,37.057042
12,7,Mg, ,0.000114,19.03417992
12,8,Mg, ,90.4,20.018763075
12,9,Mg, ,122,21.011705764
12,10,Mg, ,3.8755,21.999570597
12,11,Mg, ,11.3046,22.994123768
12,12,Mg,78.965,STABLE,23.985041689
12,13,Mg,10.011,STABLE,24.985836966
12,14,Mg,11.025,STABLE,25.982592972
12,15,Mg, ,9.458,26.984340647
12,16,Mg, ,20.915,27.983875426
12,17,Mg, ,1.3,28.988607163
12,18,Mg, ,335,29.990465454
12,19,Mg, ,236,30.996648232
12,20,Mg, ,86,31.999110138
12,21,Mg, ,90.5,33.005327862
12,22,Mg, ,20,34.008935455
12,23,Mg, ,11.3,35.01679
12,24,Mg, ,7.6,36.021879
12,25,Mg, ,8,37.030286265
12,26,Mg, , ,38.03658
12,27,Mg, ,180,39.045921
12,28,Mg, , ,40.053194
13,8,Al, ,35,21.029082
13,9,Al, ,91.1,22.01954
13,10,Al, ,446,23.007244351
13,11,Al, ,2.053,23.999947598
13,12,Al, ,7.183,24.990428308
13,13,Al, ,717000,25.986891876
13,14,Al,100,STABLE,26.981538408
13,15,Al, ,2.245,27.981910009
13,16,Al, ,6.56,28.980453164
13,17,Al, ,3.62,29.982969171
13,18,Al, ,644,30.983949754
13,19,Al, ,33,31.988084338
13,20,Al, ,41.7,32.990877685
13,21,Al, ,56.3,33.996781924
13,22,Al, ,38.3,34.999759816
13,23,Al, ,90,36.006388
13,24,Al, ,10.7,37.010531
13,25,Al, ,9,38.017681
13,26,Al, ,7.6,39.02307
13,27,Al, ,260,40.03094
13,28,Al, , ,41.037134
13,29,Al, ,170,42.045078
13,30,Al, ,170,43.05182
14,8,Si, ,29,22.036114
14,9,Si, ,42.3,23.025711
14,10,Si, ,140,24.01153543
14,11,Si, ,220,25.004108798
14,12,Si, ,2.2453,25.992333818
14,13,Si, ,4.15,26.986704687
14,14,Si,92.2545,STABLE,27.97692653442
14,15,Si,4.672,STABLE,28.97649466434
14,16,Si,3.0735,STABLE,29.973770137
14,17,Si, ,157.36,30.975363196
14,18,Si, ,157,31.974151538
14,19,Si, ,6.11,32.977976964
14,20,Si, ,2.77,33.978538045
14,21,Si, ,0.78,34.984550111
14,22,Si, ,0.45,35.986649271
14,23,Si, ,90,36.992945191
14,24,Si, ,63,37.995523
14,25,Si, ,47.5,39.002491
14,26,Si, ,33,40.006083641
14,27,Si, ,20,41.014171
14,28,Si, ,12.5,42.018078
14,29,Si, ,60,43.026119
14,30,Si, ,360,44.031466
15,10,P, ,30,25.021675
15,11,P, ,43.7,26.01178
15,12,P, ,260,26.999292499
15,13,P, ,270.3,27.99232646
15,14,P, ,4.142,28.981800368
15,15,P, ,2.498,29.97831349
15,16,P,100,STABLE,30.97376199768
15,17,P, ,14.268,31.973907643
15,18,P, ,25.35,32.971725692
15,19,P, ,12.43,33.973645886
15,20,P, ,47.3,34.973314045
15,21,P, ,5.6,35.97825961
15,22,P, ,2.31,36.979606942
15,23,P, ,0.64,37.984303105
15,24,P, ,0.28,38.986285865
15,25,P, ,150,39.991262221
15,26,P, ,101,40.994654
15,27,P, ,48.5,42.00117214
15,28,P, ,36.5,43.005411
15,29,P, ,18.5,44.011927
15,30,P, ,200,45.017134
15,31,P, , ,46.02452
16,10,S, ,79,26.029716
16,11,S, ,15.5,27.018777
16,12,S, ,125,28.004372762
16,13,S, ,188,28.996678
16,14,S, ,1.178,29.98490677
16,15,S, ,2.5534,30.979557002
16,16,S,94.85,STABLE,31.97207117354
16,17,S,0.763,STABLE,32.97145890862
16,18,S,4.365,STABLE,33.967867011
16,19,S, ,87.37,34.969032321
16,20,S,0.0158,STABLE,35.967080692
16,21,S, ,5.05,36.9711255
16,22,S, ,170.3,37.9711633
16,23,S, ,11.5,38.97513385
16,24,S, ,8.8,39.975482561
16,25,S, ,1.99,40.979593451
16,26,S, ,1.016,41.9810651
16,27,S, ,265,42.986907635
16,28,S, ,100,43.990118846
16,29,S, ,68,44.996414
16,30,S, ,50,46.000687
16,32,S, ,200,48.013301
17,12,Cl, ,20,29.015053
17,13,Cl, ,30,30.005018333
17,14,Cl, ,190,30.992448097
17,15,Cl, ,298,31.985684605
17,16,Cl, ,2.511,32.977451988
17,17,Cl, ,1.5266,33.97376249
17,18,Cl,75.8,STABLE,34.968852694
17,19,Cl, ,301300,35.968306822
17,20,Cl,24.2,STABLE,36.965902573
17,21,Cl, ,37.23,37.968010408
17,22,Cl, ,56.2,38.968008151
17,23,Cl, ,1.35,39.970415466
17,24,Cl, ,38.4,40.970684525
17,25,Cl, ,6.8,41.973342
17,26,Cl, ,3.13,42.9740637
17,27,Cl, ,0.56,43.978014918
17,28,Cl, ,413,44.980394353
17,29,Cl, ,232,45.985254926
17,30,Cl, ,101,46.989715
17,31,Cl, ,200,47.995405
17,32,Cl, ,170,49.000794
17,33,Cl, , ,50.008266
17,34,Cl, , ,51.015341
17,35,Cl, , ,52.024004
18,12,Ar, ,10,30.023694
18,13,Ar, ,14.4,31.012158
18,14,Ar, ,98,31.997637824
18,15,Ar, ,173,32.989925545
18,16,Ar, ,843.8,33.980270092
18,17,Ar, ,1.7756,34.975257719
18,18,Ar,0.3336,STABLE,35.967545106
18,19,Ar, ,35.011,36.966776301
18,20,Ar,0.0629,STABLE,37.962732102
18,21,Ar, ,268,38.964313037
18,22,Ar,99.6035,STABLE,39.96238312204
18,23,Ar, ,109.61,40.96450057
18,24,Ar, ,32.9,41.963045737
18,25,Ar, ,5.37,42.965636056
18,26,Ar, ,11.87,43.964923814
18,27,Ar, ,21.48,44.968039731
18,28,Ar, ,8.4,45.968039244
18,29,Ar, ,1.23,46.972767112
18,30,Ar, ,475,47.976001
18,31,Ar, ,170,48.981685
18,32,Ar, ,106,49.985797
18,33,Ar, , ,50.993033
18,34,Ar, , ,51.998519
18,35,Ar, ,620,53.00729
19,14,K, ,25,33.008095
19,15,K, ,25,33.99869
19,16,K, ,178,34.988005406
19,17,K, ,341,35.981301887
19,18,K, ,1.225,36.97337589
19,19,K, ,7.651,37.969081114
19,20,K,93.2581,STABLE,38.96370648482
19,21,K,0.0117,1248000000,39.963998165
19,22,K,6.7302,STABLE,40.96182525611
19,23,K, ,12.355,41.962402305
19,24,K, ,22.3,42.960734701
19,25,K, ,22.13,43.961586984
19,26,K, ,17.81,44.960691491
19,27,K, ,105,45.961981584
19,28,K, ,17.5,46.961661612
19,29,K, ,6.8,47.965341184
19,30,K, ,1.26,48.968210753
19,31,K, ,472,49.972380015
19,32,K, ,365,50.975828664
19,33,K, ,110,51.981602
19,34,K, ,30,52.9868
19,35,K, ,10,53.994471
19,36,K, ,360,55.000505
19,37,K, ,620,56.008567
20,14,Ca, ,35,34.015985
20,15,Ca, ,25.7,35.005572
20,16,Ca, ,101.2,35.993074388
20,17,Ca, ,181.1,36.985897849
20,18,Ca, ,443.76,37.976319223
20,19,Ca, ,860.3,38.970710811
20,20,Ca,96.941,STABLE,39.96259085
20,21,Ca, ,99400,40.962277905
20,22,Ca,0.647,STABLE,41.95861778
20,23,Ca,0.135,STABLE,42.958766381
20,24,Ca,2.086,STABLE,43.955481489
20,25,Ca, ,162.61,44.95618627
20,26,Ca,0.004,STABLE,45.953687726
20,27,Ca, ,4.536,46.954541134
20,28,Ca,0.187,1.9E+019,47.952522654
20,29,Ca, ,8.718,48.955662625
20,30,Ca, ,13.45,49.957499215
20,31,Ca, ,10,50.960995663
20,32,Ca, ,4.6,51.963213646
20,33,Ca, ,461,52.968451
20,34,Ca, ,107,53.972989
20,35,Ca, ,22,54.979978
20,36,Ca, ,11,55.985496
20,37,Ca, ,620,56.992958
20,38,Ca, ,620,57.998357
21,17,Sc, , ,37.995438
21,18,Sc, ,300,38.984784953
21,19,Sc, ,182.3,39.977967275
21,20,Sc, ,596.3,40.969251163
21,21,Sc, ,680.79,41.965516686
21,22,Sc, ,3.891,42.961150425
21,23,Sc, ,3.97,43.959402818
21,24,Sc,100,STABLE,44.955907051
21,25,Sc, ,83.79,45.955167034
21,26,Sc, ,3.3492,46.952402444
21,27,Sc, ,43.67,47.952222903
21,28,Sc, ,57.18,48.950013159
21,29,Sc, ,102.5,49.952187437
21,30,Sc, ,12.4,50.953568838
21,31,Sc, ,8.2,51.95649617
21,32,Sc, ,2.6,52.958379173
21,33,Sc, ,526,53.963029359
21,34,Sc, ,105,54.966889637
21,35,Sc, ,26,55.972607611
21,36,Sc, ,13,56.977048
21,37,Sc, ,12,57.983382
21,38,Sc, , ,58.988374
21,40,Sc, , ,61.000537
22,16,Ti, ,120,38.012206
22,17,Ti, ,28.5,39.002684
22,18,Ti, ,52.4,39.990345146
22,19,Ti, ,81.9,40.983148
22,20,Ti, ,208.65,41.973049369
22,21,Ti, ,509,42.96852842
22,22,Ti, ,59.1,43.959689936
22,23,Ti, ,184.8,44.958120758
22,24,Ti,8.25,STABLE,45.952626356
22,25,Ti,7.44,STABLE,46.951757491
22,26,Ti,73.72,STABLE,47.947940677
22,27,Ti,5.41,STABLE,48.947864391
22,28,Ti,5.18,STABLE,49.944785622
22,29,Ti, ,5.76,50.946609468
22,30,Ti, ,1.7,51.946883509
22,31,Ti, ,32.7,52.949670714
22,32,Ti, ,2.1,53.950892
22,33,Ti, ,1.3,54.955091
22,34,Ti, ,0.2,55.957677675
22,35,Ti, ,98,56.963068098
22,36,Ti, ,58,57.966808519
22,37,Ti, ,28.5,58.972217
22,38,Ti, ,22,59.976275
22,39,TI, ,15,60.982426
22,40,TI, ,620,61.986903
22,41,TI, ,360,62.993709
22,42,Ti, ,620,63.998411
23,19,V, ,55,41.99182
23,20,V, ,79.3,42.980766
23,21,V, ,111,43.974440977
23,22,V, ,547,44.965768498
23,23,V, ,422.5,45.960197389
23,24,V, ,32.6,46.954903558
23,25,V, ,15.9735,47.9522509
23,26,V, ,330,48.948510509
23,27,V,0.25,2.65E+017,49.947156681
23,28,V,99.75,STABLE,50.943957664
23,29,V, ,3.743,51.944773636
23,30,V, ,1.543,52.94433494
23,31,V, ,49.8,53.946432009
23,32,V, ,6.54,54.947262
23,33,V, ,0.216,55.950420082
23,34,V, ,0.32,56.952297
23,35,V, ,191,57.956595985
23,36,V, ,97,58.959623343
23,37,V, ,122,59.964479215
23,38,V, ,48.3,60.967603529
23,39,V, ,33.6,61.972932556
23,40,V, ,17,62.976661
23,41,V, ,15,63.98248
23,42,V, ,360,64.986999
23,43,V, ,360,65.993237
23,44,V, ,620,66.998128
24,18,Cr, ,13.3,42.007579
24,19,Cr, ,21.2,42.997885
24,20,Cr, ,42.8,43.985591
24,21,Cr, ,60.9,44.97905
24,22,Cr, ,0.26,45.968360969
24,23,Cr, ,500,46.962894995
24,24,Cr, ,21.56,47.954029431
24,25,Cr, ,42.3,48.95133372
24,26,Cr,4.345,1.3E+018,49.946042209
24,27,Cr, ,27.704,50.944765388
24,28,Cr,83.789,STABLE,51.940504714
24,29,Cr,9.501,STABLE,52.940646304
24,30,Cr,2.365,STABLE,53.938877359
24,31,Cr, ,3.497,54.940836637
24,32,Cr, ,5.94,55.940648977
24,33,Cr, ,21.1,56.943612112
24,34,Cr, ,7,57.944184501
24,35,Cr, ,0.74,58.948345426
24,36,Cr, ,0.49,59.949641656
24,37,Cr, ,234,60.95437813
24,38,Cr, ,206,61.95614292
24,39,Cr, ,129,62.961161
24,40,Cr, ,43,63.963886
24,41,Cr, ,27,64.969608
24,42,Cr, ,24,65.973011
24,44,Cr, ,360,67.983156
24,45,Cr, ,620,68.989662
24,46,Cr, ,620,69.993945
25,19,Mn, ,105,44.008009
25,20,Mn, , ,44.994654
25,21,Mn, ,36.2,45.986669
25,22,Mn, ,100,46.975774
25,23,Mn, ,158.1,47.96854876
25,24,Mn, ,382,48.95961335
25,25,Mn, ,283.19,49.954238157
25,26,Mn, ,46.2,50.94820877
25,27,Mn, ,5.591,51.94555909
25,28,Mn, ,3700000,52.941287497
25,29,Mn, ,312.2,53.940355772
25,30,Mn,100,STABLE,54.93804304
25,31,Mn, ,2.5789,55.938902816
25,32,Mn, ,85.4,56.938285944
25,33,Mn, ,3,57.940066643
25,34,Mn, ,4.59,58.940391111
25,35,Mn, ,0.28,59.943136574
25,36,Mn, ,0.709,60.944452541
25,37,Mn, ,92,61.947907384
25,38,Mn, ,0.275,62.949664672
25,39,Mn, ,90,63.953849369
25,40,Mn, ,92,64.956019749
25,41,Mn, ,65,65.960546833
25,42,Mn, ,47,66.96395
25,43,Mn, ,28,67.968953
25,44,Mn, ,16,68.972775
25,45,Mn, ,19.9,69.978046
25,46,Mn, ,637,70.982158
25,47,Mn, ,620,71.988009
25,48,Mn, , ,72.992807
26,19,Fe, ,1.89,45.015467
26,20,Fe, ,13,46.001299
26,21,Fe, ,21.8,46.992346
26,22,Fe, ,44,47.980667
26,23,Fe, ,64.7,48.973429
26,24,Fe, ,152,49.962988
26,25,Fe, ,305,50.956855137
26,26,Fe, ,8.275,51.948113364
26,27,Fe, ,8.51,52.945305629
26,28,Fe,5.845,STABLE,53.939608189
26,29,Fe, ,2.744,54.938291158
26,30,Fe,91.754,STABLE,55.934935537
26,31,Fe,2.119,STABLE,56.93539195
26,32,Fe,0.282,STABLE,57.933273575
26,33,Fe, ,44.49,58.934873492
26,34,Fe, ,2620000,59.934070249
26,35,Fe, ,5.98,60.936746241
26,36,Fe, ,68,61.936791809
26,37,Fe, ,6.1,62.940272698
26,38,Fe, ,2,63.940987761
26,39,Fe, ,0.81,64.945015323
26,40,Fe, ,440,65.946249958
26,41,Fe, ,0.6,66.95093
26,42,Fe, ,188,67.952875
26,43,Fe, ,110,68.957918
26,44,Fe, ,65,69.960397
26,45,Fe, ,28,70.965722
26,46,Fe, ,150,71.968599
26,47,Fe, ,12.9,72.974246
26,48,Fe, ,8.2,73.977821
26,49,Fe, ,620,74.984219
27,23,Co, ,38.8,49.981117
27,24,Co, ,68.8,50.970647
27,25,Co, ,104,51.963130224
27,26,Co, ,240,52.954203278
27,27,Co, ,193.28,53.948459075
27,28,Co, ,17.53,54.941996416
27,29,Co, ,77.236,55.939838032
27,30,Co, ,271.74,56.936289819
27,31,Co, ,70.86,57.935751292
27,32,Co,100,STABLE,58.933193524
27,33,Co, ,1925.28,59.933815536
27,34,Co, ,1.649,60.932476031
27,35,Co, ,1.54,61.934058198
27,36,Co, ,27.4,62.93359963
27,37,Co, ,0.3,63.935810176
27,38,Co, ,1.16,64.936462071
27,39,Co, ,0.2,65.939442943
27,40,Co, ,0.425,66.940609625
27,41,Co, ,0.2,67.944559401
27,42,Co, ,227,68.945909
27,43,Co, ,112,69.9500534
27,44,Co, ,80,70.952366923
27,45,Co, ,59.9,71.956736
27,46,Co, ,40.7,72.959238
27,47,Co, ,31.3,73.963993
27,48,Co, ,30,74.967192
27,49,Co, ,21.7,75.972453
27,50,Co, ,13,76.976479
28,20,Ni, ,2.1,48.019515
28,21,Ni, ,7.5,49.009157
28,22,Ni, ,18.5,49.996286
28,23,Ni, ,23.8,50.987493
28,24,Ni, ,40.8,51.975781
28,25,Ni, ,55.2,52.96819
28,26,Ni, ,114.2,53.957833
28,27,Ni, ,204.7,54.951329846
28,28,Ni, ,6.075,55.942127761
28,29,Ni, ,35.6,56.939791394
28,30,Ni,68.0769,STABLE,57.93534165
28,31,Ni, ,76000,58.934345442
28,32,Ni,26.2231,STABLE,59.930785129
28,33,Ni,1.1399,STABLE,60.931054819
28,34,Ni,3.6345,STABLE,61.928344753
28,35,Ni, ,101.2,62.929669021
28,36,Ni,0.9256,STABLE,63.927966228
28,37,Ni, ,2.5175,64.930084585
28,38,Ni, ,54.6,65.929139333
28,39,Ni, ,21,66.931569413
28,40,Ni, ,29,67.931868787
28,41,Ni, ,11.4,68.935610267
28,42,Ni, ,6,69.9364313
28,43,Ni, ,2.56,70.940518962
28,44,Ni, ,1.57,71.941785924
28,45,Ni, ,0.84,72.946206681
28,46,Ni, ,507.7,73.947718
28,47,Ni, ,344,74.952506
28,48,Ni, ,0.238,75.954707
28,49,Ni, ,158.9,76.959903
28,50,Ni, ,0.11,77.962555
28,51,NI, ,43,78.969769
28,52,Ni, ,24,79.975051
28,54,Ni, , ,81.988492
29,24,Cu, ,130,52.985894
29,25,Cu, ,75,53.977198
29,26,Cu, ,40,54.966038
29,27,Cu, ,93,55.958529278
29,28,Cu, ,196.3,56.949211686
29,29,Cu, ,3.204,57.944532283
29,30,Cu, ,81.5,58.939496713
29,31,Cu, ,23.7,59.937363787
29,32,Cu, ,3.339,60.933457375
29,33,Cu, ,9.67,61.932594803
29,34,Cu,69.15,STABLE,62.929597119
29,35,Cu, ,12.701,63.929764001
29,36,Cu,30.85,STABLE,64.927789476
29,37,Cu, ,5.12,65.928868804
29,38,Cu, ,61.83,66.92772949
29,39,Cu, ,30.9,67.929610887
29,40,Cu, ,2.85,68.929429267
29,41,Cu, ,44.5,69.932392078
29,42,Cu, ,19.4,70.932676831
29,43,Cu, ,6.63,71.935820306
29,44,Cu, ,4.2,72.936674376
29,45,Cu, ,1.63,73.93987486
29,46,Cu, ,1.224,74.941523817
29,47,Cu, ,0.641,75.945268974
29,48,Cu, ,469.8,76.947543599
29,49,Cu, ,335,77.951916524
29,50,Cu, ,241,78.9544731
29,51,Cu, ,113.6,79.960623
29,52,Cu, ,73.2,80.965743
29,53,Cu, ,33,81.972378
30,24,Zn, ,1.59,53.993879
30,25,Zn, ,20,54.984681
30,26,Zn, ,30,55.972743
30,27,Zn, ,40,56.965056
30,28,Zn, ,86.7,57.954590296
30,29,Zn, ,178.6,58.949311886
30,30,Zn, ,2.38,59.941841317
30,31,Zn, ,89.1,60.939506964
30,32,Zn, ,9.193,61.934333359
30,33,Zn, ,38.47,62.93321114
30,34,Zn,49.17,STABLE,63.929141776
30,35,Zn, ,243.93,64.929240534
30,36,Zn,27.73,STABLE,65.926033639
30,37,Zn,4.04,STABLE,66.927127422
30,38,Zn,18.45,STABLE,67.924844232
30,39,Zn, ,56.4,68.92655036
30,40,Zn,0.61,3.8E+018,69.925319175
30,41,Zn, ,2.45,70.927719578
30,42,Zn, ,46.5,71.926842806
30,43,Zn, ,24.5,72.92958258
30,44,Zn, ,95.6,73.92940726
30,45,Zn, ,10.2,74.932840244
30,46,Zn, ,5.7,75.933114956
30,47,Zn, ,2.08,76.936887197
30,48,Zn, ,1.47,77.938289204
30,49,Zn, ,0.746,78.942638067
30,50,Zn, ,561.9,79.944552929
30,51,Zn, ,0.32,80.950402617
30,52,Zn, ,166,81.954574097
30,53,Zn, ,117,82.961041
30,54,Zn, ,633,83.965829
30,55,Zn, ,637,84.973054
31,28,Ga, ,43,58.963757
31,29,Ga, ,70,59.957498
31,30,Ga, ,167,60.949398861
31,31,Ga, ,116.121,61.944189639
31,32,Ga, ,32.4,62.939294194
31,33,Ga, ,2.627,63.936840366
31,34,Ga, ,15.2,64.932734424
31,35,Ga, ,9.49,65.931589766
31,36,Ga, ,3.2617,66.928202276
31,37,Ga, ,67.71,67.927980161
31,38,Ga,60.108,STABLE,68.925573528
31,39,Ga, ,21.14,69.926021914
31,40,Ga,39.892,STABLE,70.924702554
31,41,Ga, ,14.1,71.926367452
31,42,Ga, ,4.86,72.92517468
31,43,Ga, ,8.12,73.926945725
31,44,Ga, ,126,74.926504484
31,45,Ga, ,32.6,75.928827624
31,46,Ga, ,13.2,76.929154299
31,47,Ga, ,5.09,77.931610854
31,48,Ga, ,2.848,78.932851582
31,49,Ga, ,1.9,79.936420773
31,50,Ga, ,1.217,80.938133841
31,51,Ga, ,0.6,81.943176531
31,52,Ga, ,308.1,82.9471203
31,53,Ga, ,0.085,83.952663
31,54,Ga, ,92,84.957333
31,55,Ga, ,43,85.963757
31,56,Ga, ,634,86.969007
32,27,Ge, ,13.3,58.982426
32,28,Ge, ,110,59.970445
32,29,Ge, ,44,60.963725
32,30,Ge, ,129,61.954761
32,31,Ge, ,150,62.949628
32,32,Ge, ,63.7,63.941689912
32,33,Ge, ,30.9,64.939368136
32,34,Ge, ,2.26,65.933862124
32,35,Ge, ,18.9,66.932716999
32,36,Ge, ,270.93,67.928095305
32,37,Ge, ,39.05,68.927964467
32,38,Ge,20.52,STABLE,69.924248542
32,39,Ge, ,11.43,70.92495212
32,40,Ge,27.45,STABLE,71.922075824
32,41,Ge,7.76,STABLE,72.923458954
32,42,Ge,36.52,STABLE,73.92117776
32,43,Ge, ,82.78,74.92285837
32,44,Ge,7.75,STABLE,75.921402725
32,45,Ge, ,11.211,76.923549843
32,46,Ge, ,88,77.922852911
32,47,Ge, ,18.98,78.925359506
32,48,Ge, ,29.5,79.925350773
32,49,Ge, ,7.6,80.928832941
32,50,Ge, ,4,81.929774031
32,51,Ge, ,1.85,82.9345391
32,52,Ge, ,0.954,83.93757509
32,53,Ge, ,503,84.942969658
32,54,Ge, ,226,85.946967
32,55,Ge, ,0.14,86.953204
32,56,Ge, ,300,87.957574
32,57,Ge, ,300,88.96453
32,58,Ge, , ,89.969436
33,30,As, ,43,62.964036
33,31,As, ,18,63.95756
33,32,As, ,128,64.949611
33,33,As, ,95.77,65.944148778
33,34,As, ,42.5,66.93925111
33,35,As, ,151.6,67.936774127
33,36,As, ,15.2,68.932246289
33,37,As, ,52.6,69.930934642
33,38,As, ,65.3,70.927113594
33,39,As, ,26,71.926752291
33,40,As, ,80.3,72.923829086
33,41,As, ,17.77,73.923928596
33,42,As,100,STABLE,74.921594562
33,43,As, ,26.24,75.922392011
33,44,As, ,38.79,76.920647555
33,45,As, ,90.7,77.921827771
33,46,As, ,9.01,78.920948419
33,47,As, ,15.2,79.92247444
33,48,As, ,33.3,80.922132288
33,49,As, ,19.1,81.924738731
33,50,As, ,13.4,82.9252069
33,51,As, ,4.2,83.92930329
33,52,As, ,2.021,84.932163658
33,53,As, ,0.945,85.936701532
33,54,As, ,484,86.940291716
33,55,As, ,0.2,87.94584
33,56,As, ,300,88.950048
33,57,As, , ,89.955995
33,58,As, , ,90.960816
33,59,As, , ,91.967386
34,30,Se, ,180,63.971165
34,31,Se, ,33,64.964552
34,32,Se, ,42,65.955276
34,33,Se, ,136,66.949994
34,34,Se, ,35.5,67.941825236
34,35,Se, ,27.4,68.939414845
34,36,Se, ,41.1,69.933515521
34,37,Se, ,4.74,70.932209431
34,38,Se, ,8.4,71.927140506
34,39,Se, ,7.15,72.926754881
34,40,Se,0.86,STABLE,73.922475933
34,41,Se, ,119.78,74.92252287
34,42,Se,9.23,STABLE,75.919213702
34,43,Se,7.6,STABLE,76.91991415
34,44,Se,23.69,STABLE,77.917309244
34,45,Se, ,327000,78.918499252
34,46,Se,49.8,STABLE,79.916521761
34,47,Se, ,18.45,80.917993019
34,48,Se,8.82,9.6E+019,81.916699531
34,49,Se, ,22.3,82.919118604
34,50,Se, ,3.26,83.918466761
34,51,Se, ,32.9,84.922260758
34,52,Se, ,14.3,85.924311732
34,53,Se, ,5.5,86.928688616
34,54,Se, ,1.53,87.93141749
34,55,Se, ,0.43,88.936669058
34,56,Se, ,195,89.940096
34,57,Se, ,0.27,90.9457
34,58,Se, , ,91.94984
34,59,Se, , ,92.956135
34,60,Se, ,150,93.96049
34,61,Se, ,392,94.9673
35,34,Br, ,24,68.95033841
35,35,Br, ,79.1,69.944792321
35,36,Br, ,21.4,70.939342153
35,37,Br, ,78.6,71.936594606
35,38,Br, ,3.4,72.931673441
35,39,Br, ,25.4,73.929910279
35,40,Br, ,96.7,74.925810566
35,41,Br, ,16.2,75.924541574
35,42,Br, ,57.04,76.921379193
35,43,Br, ,6.45,77.921145858
35,44,Br,50.65,STABLE,78.918337574
35,45,Br, ,17.68,79.918529784
35,46,Br,49.35,STABLE,80.916288197
35,47,Br, ,35.282,81.916801752
35,48,Br, ,2.374,82.915175285
35,49,Br, ,31.76,83.916496417
35,50,Br, ,2.9,84.915645758
35,51,Br, ,55.1,85.918805432
35,52,Br, ,55.68,86.920674016
35,53,Br, ,16.34,87.92408329
35,54,Br, ,4.357,88.926704558
35,55,Br, ,1.91,89.931292848
35,56,Br, ,0.543,90.934398617
35,57,Br, ,0.314,91.939631595
35,58,Br, ,102,92.94322
35,59,Br, ,70,93.948846
35,60,Br, ,150,94.952925
35,61,Br, ,150,95.95898
35,62,Br, , ,96.963499
35,63,Br, , ,97.969887
35,66,Br, , ,#VALUE!
36,33,Kr, ,28,68.965496
36,34,Kr, ,40,69.955877
36,35,Kr, ,100,70.950265695
36,36,Kr, ,17.1,71.942092406
36,37,Kr, ,27.3,72.939289193
36,38,Kr, ,11.5,73.933084016
36,39,Kr, ,4.6,74.930945744
36,40,Kr, ,14.8,75.925910743
36,41,Kr, ,71.25,76.924669999
36,42,Kr,0.355,STABLE,77.920366341
36,43,Kr, ,35.04,78.920082919
36,44,Kr,2.286,STABLE,79.91637794
36,45,Kr, ,229000,80.916589703
36,46,Kr,11.593,STABLE,81.91348115368
36,47,Kr,11.5,STABLE,82.914126516
36,48,Kr,56.987,STABLE,83.91149772708
36,49,Kr, ,10.739,84.91252726
36,50,Kr,17.279,STABLE,85.91061062468
36,51,Kr, ,76.3,86.913354759
36,52,Kr, ,2.825,87.914447879
36,53,Kr, ,3.15,88.917835449
36,54,Kr, ,32.32,89.919527929
36,55,Kr, ,8.57,90.923806309
36,56,Kr, ,1.84,91.926173092
36,57,Kr, ,1.286,92.931147172
36,58,Kr, ,212,93.934140452
36,59,Kr, ,0.114,94.939710922
36,60,Kr, ,80,95.943014473
36,61,Kr, ,63,96.949088782
36,62,Kr, ,43,97.952635
36,63,Kr, ,13,98.958776
36,64,Kr, ,7,99.962995
36,65,Kr, ,635,100.969318
36,66,Kr, , ,#VALUE!
37,35,Rb, ,103,71.958851
37,36,Rb, ,81,72.950604506
37,37,Rb, ,64.776,73.944265867
37,38,Rb, ,19,74.9385732
37,39,Rb, ,36.5,75.935073031
37,40,Rb, ,3.78,76.930401599
37,41,Rb, ,17.66,77.928141866
37,42,Rb, ,22.9,78.923990095
37,43,Rb, ,33.4,79.922516442
37,44,Rb, ,4.572,80.9189939
37,45,Rb, ,1.2575,81.918209023
37,46,Rb, ,86.2,82.915114181
37,47,Rb, ,32.82,83.914375223
37,48,Rb,72.17,STABLE,84.91178973604
37,49,Rb, ,18.642,85.911167443
37,50,Rb,27.83,49700000000,86.909180529
37,51,Rb, ,17.773,87.91131559
37,52,Rb, ,15.32,88.912278136
37,53,Rb, ,158,89.914797557
37,54,Rb, ,58.2,90.916537261
37,55,Rb, ,4.48,91.919728477
37,56,Rb, ,5.84,92.922039334
37,57,Rb, ,2.702,93.926394819
37,58,Rb, ,377.7,94.929263849
37,59,Rb, ,203,95.934133398
37,60,Rb, ,169.1,96.937177117
37,61,Rb, ,115,97.941632317
37,62,Rb, ,54,98.94511919
37,63,Rb, ,52,99.950331532
37,64,Rb, ,32,100.954302
37,65,Rb, ,37,101.960008
37,66,Rb, ,23,102.964401
37,67,Rb, , ,103.970531
37,68,Rb, , ,#VALUE!
37,69,Rb, , ,#VALUE!
38,35,Sr, ,25,72.9657
38,36,Sr, ,27,73.95617
38,37,Sr, ,88,74.949952767
38,38,Sr, ,7.89,75.94176276
38,39,Sr, ,9,76.937945454
38,40,Sr, ,160,77.932179979
38,41,Sr, ,2.25,78.929704692
38,42,Sr, ,106.3,79.924517538
38,43,Sr, ,22.3,80.923211393
38,44,Sr, ,25.35,81.918399845
38,45,Sr, ,32.41,82.917554372
38,46,Sr,0.56,STABLE,83.913419118
38,47,Sr, ,64.849,84.912932041
38,48,Sr,9.86,STABLE,85.90926072473
38,49,Sr,7,STABLE,86.90887749454
38,50,Sr,82.58,STABLE,87.905612253
38,51,Sr, ,50.563,88.907450808
38,52,Sr, ,28.91,89.90772787
38,53,Sr, ,9.65,90.910195942
38,54,Sr, ,2.611,91.911038222
38,55,Sr, ,7.43,92.914024314
38,56,Sr, ,75.3,93.915355641
38,57,Sr, ,23.9,94.919358282
38,58,Sr, ,1.07,95.921719045
38,59,Sr, ,429,96.926375621
38,60,Sr, ,0.653,97.928692636
38,61,Sr, ,0.269,98.932883604
38,62,Sr, ,200,99.93578327
38,63,Sr, ,118,100.940606264
38,64,Sr, ,69,101.944004679
38,65,Sr, ,53,102.949243
38,66,Sr, ,53,103.953022
38,67,Sr, ,39,104.959001
38,68,Sr, ,20,105.963177
38,69,Sr, ,395,106.969672
38,70,Sr, , ,#VALUE!
39,37,Y, ,200,75.958937
39,38,Y, ,57,76.950146
39,39,Y, ,53,77.94399
39,40,Y, ,14.8,78.937946
39,41,Y, ,30.1,79.93435475
39,42,Y, ,70.4,80.929454283
39,43,Y, ,8.3,81.926930189
39,44,Y, ,7.08,82.922484026
39,45,Y, ,39.5,83.92067106
39,46,Y, ,2.68,84.916433039
39,47,Y, ,14.74,85.914886095
39,48,Y, ,79.8,86.9108761
39,49,Y, ,106.626,87.909501274
39,50,Y,100,STABLE,88.905838156
39,51,Y, ,64.05,89.907141749
39,52,Y, ,58.51,90.907298048
39,53,Y, ,3.54,91.908945752
39,54,Y, ,10.18,92.909578434
39,55,Y, ,18.7,93.911592062
39,56,Y, ,10.3,94.912819697
39,57,Y, ,5.34,95.915909305
39,58,Y, ,3.75,96.918286702
39,59,Y, ,0.548,97.922394841
39,60,Y, ,1.484,98.924160839
39,61,Y, ,732,99.927727678
39,62,Y, ,0.45,100.930160817
39,63,Y, ,0.36,101.934328471
39,64,Y, ,0.23,102.937243796
39,65,Y, ,197,103.941943
39,66,Y, ,107,104.945711
39,67,Y, ,79,105.950842
39,68,Y, ,33.5,106.954943
39,69,Y, ,30,107.960515
39,70,Y, ,25,108.965131
39,71,Y, , ,#VALUE!
39,72,Y, , ,#VALUE!
40,37,Zr, , ,76.966076
40,38,Zr, ,170,77.956146
40,39,Zr, ,56,78.94979
40,40,Zr, ,4.6,79.941213
40,41,Zr, ,5.5,80.938245
40,42,Zr, ,32,81.931707497
40,43,Zr, ,42,82.929240926
40,44,Zr, ,25.8,83.923325663
40,45,Zr, ,7.86,84.921443199
40,46,Zr, ,16.5,85.916296814
40,47,Zr, ,1.68,86.914817338
40,48,Zr, ,83.4,87.910220715
40,49,Zr, ,78.41,88.908879751
40,50,Zr,51.45,STABLE,89.904698755
40,51,Zr,11.22,STABLE,90.905640205
40,52,Zr,17.15,STABLE,91.905035336
40,53,Zr, ,1610000,92.906470661
40,54,Zr,17.38,STABLE,93.906312523
40,55,Zr, ,64.032,94.908040276
40,56,Zr,2.8,2E+019,95.908277615
40,57,Zr, ,16.749,96.910963802
40,58,Zr, ,30.7,97.912740448
40,59,Zr, ,2.1,98.916675081
40,60,Zr, ,7.1,99.918010499
40,61,Zr, ,2.3,100.921458454
40,62,Zr, ,2.9,101.923154181
40,63,Zr, ,1.3,102.927204054
40,64,Zr, ,1.2,103.929449193
40,65,Zr, ,0.66,104.934021832
40,66,Zr, ,180,105.93693
40,67,Zr, ,146,106.942007
40,68,Zr, ,77.4,107.945303
40,69,Zr, ,56,108.950907
40,70,Zr, ,37.5,109.954675
40,71,Zr, ,24,110.960837
40,72,Zr, ,30,111.965196
40,73,Zr, , ,112.971723
40,74,Zr, , ,#VALUE!
41,40,Nb, ,200,80.95023
41,41,Nb, ,50,81.94438
41,42,Nb, ,3.9,82.93815
41,43,Nb, ,9.8,83.934305711
41,44,Nb, ,20.5,84.928845836
41,45,Nb, ,88,85.925781536
41,46,Nb, ,3.7,86.920692473
41,47,Nb, ,14.5,87.918226476
41,48,Nb, ,2.03,88.913444696
41,49,Nb, ,14.6,89.911259201
41,50,Nb, ,680,90.906990256
41,51,Nb, ,34700000,91.90718858
41,52,Nb,100,STABLE,92.90637317
41,53,Nb, ,20300,93.907279001
41,54,Nb, ,34.991,94.90683111
41,55,Nb, ,23.35,95.908101586
41,56,Nb, ,72.1,96.908101622
41,57,Nb, ,2.86,97.910332645
41,58,Nb, ,15,98.911609377
41,59,Nb, ,1.4,99.914340578
41,60,Nb, ,7.1,100.915306508
41,61,Nb, ,4.3,101.918090447
41,62,Nb, ,1.5,102.919453416
41,63,Nb, ,4.9,103.922907728
41,64,Nb, ,2.91,104.924942577
41,65,Nb, ,1.02,105.928928505
41,66,Nb, ,300,106.931589685
41,67,Nb, ,198,107.936075604
41,68,Nb, ,108,108.939141
41,69,Nb, ,82,109.943843
41,70,Nb, ,54,110.947439
41,71,Nb, ,33,111.952689
41,72,Nb, ,32,112.956833
41,73,Nb, ,17,113.962469
41,74,Nb, ,23,114.966849
41,75,Nb, , ,115.972914
41,76,Nb, , ,#VALUE!
42,39,Mo, ,450,80.966226
42,40,Mo, ,?,81.956661
42,41,Mo, ,6,82.950252
42,42,Mo, ,2.3,83.941846
42,43,Mo, ,3.2,84.938260736
42,44,Mo, ,19.1,85.931174092
42,45,Mo, ,14.1,86.928196198
42,46,Mo, ,8,87.921967779
42,47,Mo, ,2.11,88.919468149
42,48,Mo, ,5.56,89.91393127
42,49,Mo, ,15.49,90.91174519
42,50,Mo,14.649,STABLE,91.906807153
42,51,Mo, ,4000,92.906808772
42,52,Mo,9.187,STABLE,93.905083586
42,53,Mo,15.873,STABLE,94.905837436
42,54,Mo,16.673,STABLE,95.90467477
42,55,Mo,9.582,STABLE,96.906016903
42,56,Mo,24.292,STABLE,97.905403609
42,57,Mo, ,65.924,98.907707299
42,58,Mo,9.744,7.01E+018,99.907467982
42,59,Mo, ,14.61,100.910337648
42,60,Mo, ,11.3,101.910293725
42,61,Mo, ,67.5,102.913091954
42,62,Mo, ,60,103.913747443
42,63,Mo, ,36.3,104.916981989
42,64,Mo, ,8.73,105.918273231
42,65,Mo, ,3.5,106.92211977
42,66,Mo, ,1.09,107.924047508
42,67,Mo, ,0.61,108.928438318
42,68,Mo, ,0.296,109.930717956
42,69,Mo, ,186,110.935651966
42,70,Mo, ,120,111.938293
42,71,Mo, ,80,112.943478
42,72,Mo, ,58,113.946666
42,73,Mo, ,45.5,114.952174
42,74,Mo, ,32,115.955759
42,75,Mo, ,22,116.961686
42,76,Mo, ,19,117.965249
42,77,Mo, , ,118.971465
43,42,Tc, ,100,84.950778
43,43,Tc, ,55,85.944637
43,44,Tc, ,2.2,86.938067185
43,45,Tc, ,6.4,87.933794211
43,46,Tc, ,12.8,88.927648649
43,47,Tc, ,49.2,89.924073919
43,48,Tc, ,3.14,90.918424972
43,49,Tc, ,4.25,91.915269777
43,50,Tc, ,2.75,92.910245147
43,51,Tc, ,293,93.909652319
43,52,Tc, ,20,94.907652281
43,53,Tc, ,4.28,95.907866675
43,54,Tc, ,4210000,96.90636072
43,55,Tc, ,4200000,97.907211206
43,56,Tc, ,211100,98.906249681
43,57,Tc, ,15.65,99.907652715
43,58,Tc, ,14.22,100.907305271
43,59,Tc, ,5.28,101.909207239
43,60,Tc, ,54.2,102.90917396
43,61,Tc, ,18.3,103.911433718
43,62,Tc, ,7.64,104.911662024
43,63,Tc, ,35.6,105.914356674
43,64,Tc, ,21.2,106.915458437
43,65,Tc, ,5.17,107.918493493
43,66,Tc, ,0.91,108.920254107
43,67,Tc, ,0.9,109.923741263
43,68,Tc, ,290,110.925898966
43,69,Tc, ,271,111.929941658
43,70,Tc, ,152,112.932569032
43,71,Tc, ,100,113.93709
43,72,Tc, ,78,114.9401
43,73,Tc, ,57,115.94502
43,74,Tc, ,44.5,116.94832
43,75,Tc, ,30,117.953526
43,76,Tc, ,22,118.956876
43,77,Tc, ,21,119.962426
43,78,Tc, ,22,120.96614
43,79,Tc, , ,121.97176
44,41,Ru, ,450,84.967117
44,42,Ru, ,438,85.957305
44,44,Ru, ,1.2,87.941664
44,45,Ru, ,1.5,88.937337849
44,46,Ru, ,11.7,89.930344378
44,47,Ru, ,8,90.92674153
44,48,Ru, ,3.65,91.920234373
44,49,Ru, ,59.7,92.917104442
44,50,Ru, ,51.8,93.91134286
44,51,Ru, ,1.643,94.910404415
44,52,Ru,5.54,STABLE,95.90758891
44,53,Ru, ,2.83,96.907545776
44,54,Ru,1.87,STABLE,97.905286709
44,55,Ru,12.76,STABLE,98.905930284
44,56,Ru,12.6,STABLE,99.90421046
44,57,Ru,17.06,STABLE,100.905573086
44,58,Ru,31.55,STABLE,101.904340312
44,59,Ru, ,39.247,102.906314846
44,60,Ru,18.62,STABLE,103.905425312
44,61,Ru, ,4.439,104.907745478
44,62,Ru, ,371.8,105.907328181
44,63,Ru, ,3.75,106.909969837
44,64,Ru, ,4.55,107.910185793
44,65,Ru, ,34.4,108.913323707
44,66,Ru, ,12.04,109.914038501
44,67,Ru, ,2.12,110.917567566
44,68,Ru, ,1.75,111.918806922
44,69,Ru, ,0.8,112.922846729
44,70,Ru, ,0.54,113.92461443
44,71,Ru, ,318,114.929033049
44,72,Ru, ,204,115.931219191
44,73,Ru, ,151,116.936135
44,74,Ru, ,99,117.938808
44,75,Ru, ,69.5,118.94409
44,76,Ru, ,45,119.946623
44,77,Ru, ,29,120.952098
44,78,Ru, ,25,121.955147
44,79,Ru, ,19,122.960762
44,80,Ru, ,15,123.96394
44,81,Ru, , ,124.969544
45,44,Rh, ,120,88.950992
45,45,Rh, ,29,89.944569
45,46,Rh, ,1.47,90.937123
45,47,Rh, ,4.66,91.932367692
45,48,Rh, ,12.2,92.925912778
45,49,Rh, ,70.6,93.92173045
45,50,Rh, ,5.02,94.915897893
45,51,Rh, ,9.9,95.914451705
45,52,Rh, ,30.7,96.911327872
45,53,Rh, ,8.72,97.910707734
45,54,Rh, ,16.1,98.908121241
45,55,Rh, ,20.5,99.908114147
45,56,Rh, ,3.3,100.906158903
45,57,Rh, ,207.3,101.906834282
45,58,Rh,100,STABLE,102.905494081
45,59,Rh, ,42.3,103.906645309
45,60,Rh, ,35.341,104.905687787
45,61,Rh, ,30.07,105.907285879
45,62,Rh, ,21.7,106.906747975
45,63,Rh, ,16.8,107.908715304
45,64,Rh, ,80.8,108.908749555
45,65,Rh, ,3.35,109.911079745
45,66,Rh, ,11,110.911643164
45,67,Rh, ,3.6,111.914405199
45,68,Rh, ,2.8,112.915440212
45,69,Rh, ,1.85,113.91872168
45,70,Rh, ,0.99,114.920311649
45,71,Rh, ,0.68,115.92406206
45,72,Rh, ,0.44,116.926036291
45,73,Rh, ,266,117.930341116
45,74,Rh, ,171,118.932556951
45,75,Rh, ,132,119.937069
45,76,Rh, ,151,120.939613
45,77,Rh, ,300,121.944305
45,78,Rh, ,42.2,122.947192
45,79,Rh, ,30,123.952002
45,80,Rh, ,26.5,124.955094
45,81,Rh, ,19,125.960064
45,82,Rh, ,20,126.963789
45,83,Rh, , ,127.970649
46,44,Pd, , ,89.95737
46,45,Pd, , ,90.950435
46,46,Pd, ,1,91.941192225
46,47,Pd, ,1,92.936680426
46,48,Pd, ,9,93.929036286
46,49,Pd, ,5,94.924888506
46,50,Pd, ,122,95.918213739
46,51,Pd, ,3.1,96.916471985
46,52,Pd, ,17.7,97.912698335
46,53,Pd, ,21.4,98.911773073
46,54,Pd, ,3.63,99.908520438
46,55,Pd, ,8.47,100.908284824
46,56,Pd,1.02,STABLE,101.905632292
46,57,Pd, ,16.991,102.906111074
46,58,Pd,11.14,STABLE,103.904030393
46,59,Pd,22.33,STABLE,104.905079479
46,60,Pd,27.33,STABLE,105.903480287
46,61,Pd, ,6500000,106.905128058
46,62,Pd,26.46,STABLE,107.903891806
46,63,Pd, ,13.59,108.905950576
46,64,Pd,11.72,STABLE,109.905172878
46,65,Pd, ,23.4,110.907690358
46,66,Pd, ,21.04,111.907330557
46,67,Pd, ,93,112.910261912
46,68,Pd, ,2.42,113.91036943
46,69,Pd, ,25,114.913659333
46,70,Pd, ,11.8,115.914297872
46,71,Pd, ,4.3,116.917955584
46,72,Pd, ,1.9,117.919067273
46,73,Pd, ,0.92,118.923341138
46,74,Pd, ,492,119.924551745
46,75,Pd, ,285,120.928950342
46,76,Pd, ,175,121.930631693
46,77,Pd, ,109,122.935126
46,78,Pd, ,38,123.937305
46,79,Pd, ,57,124.942072
46,80,Pd, ,48.6,125.944401
46,81,Pd, ,38,126.949307
46,82,Pd, ,35,127.952345
46,83,Pd, ,31,128.959334
46,84,Pd, , ,129.964863
46,85,Pd, , ,130.972367
47,45,Ag, , ,91.95971
47,46,Ag, ,228,92.950188
47,47,Ag, ,26,93.943744
47,48,Ag, ,1.75,94.935688
47,49,Ag, ,4.4,95.930743903
47,50,Ag, ,25.5,96.9238814
47,51,Ag, ,47.5,97.92155997
47,52,Ag, ,124,98.917645766
47,53,Ag, ,2.01,99.916115443
47,54,Ag, ,11.1,100.912683951
47,55,Ag, ,12.9,101.911704538
47,56,Ag, ,65.7,102.908960558
47,57,Ag, ,69.2,103.908623715
47,58,Ag, ,41.29,104.906525604
47,59,Ag, ,23.96,105.906663499
47,60,Ag,51.839,STABLE,106.905091509
47,61,Ag, ,2.382,107.905950245
47,62,Ag,48.161,STABLE,108.904755778
47,63,Ag, ,24.56,109.906110724
47,64,Ag, ,7.45,110.905296827
47,65,Ag, ,3.13,111.907048548
47,66,Ag, ,5.37,112.906572865
47,67,Ag, ,4.6,113.908823029
47,68,Ag, ,20,114.908767445
47,69,Ag, ,230,115.911386809
47,70,Ag, ,72.8,116.911774086
47,71,Ag, ,3.76,117.914595484
47,72,Ag, ,2.1,118.915570309
47,73,Ag, ,1.23,119.918784765
47,74,Ag, ,0.78,120.920125279
47,75,Ag, ,0.529,121.923664446
47,76,Ag, ,0.299,122.92531506
47,77,Ag, ,191,123.928899227
47,78,Ag, ,159,124.930735
47,79,Ag, ,52,125.934814
47,80,Ag, ,109,126.937037
47,81,Ag, ,58,127.941266
47,82,Ag, ,46,128.944315
47,83,Ag, ,42,129.950727
47,84,Ag, ,35,130.956253
47,85,Ag, ,28,131.96307
48,46,Cd, ,760,93.956586
48,47,Cd, ,32,94.949483
48,48,Cd, ,1.03,95.940341
48,49,Cd, ,2.8,96.934799343
48,50,Cd, ,9.3,97.927389315
48,51,Cd, ,16,98.924925845
48,52,Cd, ,49.1,99.920348829
48,53,Cd, ,1.36,100.918586209
48,54,Cd, ,5.5,101.914481797
48,55,Cd, ,7.3,102.913416922
48,56,Cd, ,57.7,103.909856228
48,57,Cd, ,55.5,104.909463893
48,58,Cd,1.245,STABLE,105.906459791
48,59,Cd, ,6.5,106.906612049
48,60,Cd,0.888,STABLE,107.904183588
48,61,Cd, ,461.9,108.904986697
48,62,Cd,12.47,STABLE,109.90300747
48,63,Cd,12.795,STABLE,110.904183776
48,64,Cd,24.109,STABLE,111.902763896
48,65,Cd,12.227,8040000000000000,112.904408105
48,66,Cd,28.754,STABLE,113.903364998
48,67,Cd, ,53.46,114.905437426
48,68,Cd,7.512,3.3E+019,115.90476323
48,69,Cd, ,2.49,116.907226039
48,70,Cd, ,50.3,117.906921956
48,71,Cd, ,2.69,118.909847052
48,72,Cd, ,50.8,119.909868065
48,73,Cd, ,13.5,120.91296366
48,74,Cd, ,5.24,121.91345905
48,75,Cd, ,2.1,122.91689246
48,76,Cd, ,1.25,123.917659772
48,77,Cd, ,0.68,124.92125759
48,78,Cd, ,0.515,125.92243029
48,79,Cd, ,0.37,126.926203291
48,80,Cd, ,0.28,127.927816778
48,81,Cd, ,154,128.932235597
48,82,Cd, ,162,129.934387563
48,83,Cd, ,68,130.94072774
48,84,Cd, ,84,131.945823136
48,85,Cd, ,57,132.952614
48,86,Cd, ,65,133.957638
49,47,In, , ,95.959109
49,48,In, ,36,96.949125
49,49,In, ,30,97.942129
49,50,In, ,3.1,98.93411
49,51,In, ,5.65,99.931101929
49,52,In, ,15.1,100.926414025
49,53,In, ,23.3,101.924105911
49,54,In, ,65,102.91987883
49,55,In, ,1.8,103.918214538
49,56,In, ,5.07,104.914502322
49,57,In, ,6.2,105.913463596
49,58,In, ,32.4,106.910287497
49,59,In, ,58,107.909693654
49,60,In, ,4.159,108.907149679
49,61,In, ,4.92,109.907170674
49,62,In, ,2.8047,110.905107236
49,63,In, ,14.88,111.905538718
49,64,In,4.281,STABLE,112.904060451
49,65,In, ,71.9,113.904916405
49,66,In,95.719,441000000000000,114.903878772
49,67,In, ,14.1,115.905259992
49,68,In, ,43.2,116.904515729
49,69,In, ,5,117.906356705
49,70,In, ,2.4,118.905851622
49,71,In, ,3.08,119.907967489
49,72,In, ,23.1,120.907852778
49,73,In, ,1.5,121.910282458
49,74,In, ,6.15,122.910435252
49,75,In, ,3.12,123.913184873
49,76,In, ,2.36,124.913673841
49,77,In, ,1.53,125.916468202
49,78,In, ,1.09,126.91746604
49,79,In, ,0.84,127.920353637
49,80,In, ,611,128.921808534
49,81,In, ,0.29,129.924952257
49,82,In, ,0.28,130.926972839
49,83,In, ,0.2,131.932998444
49,84,In, ,165,132.938067
49,85,In, ,140,133.944208
49,86,In, ,101,134.949425
49,87,In, ,85,135.956017
49,88,In, ,65,136.961535
50,49,Sn, ,760,98.948495
50,50,Sn, ,1.18,99.938648944
50,51,Sn, ,1.7,100.935259252
50,52,Sn, ,3.8,101.930289525
50,53,Sn, ,7,102.927973
50,54,Sn, ,20.8,103.923105195
50,55,Sn, ,32.7,104.921268421
50,56,Sn, ,115,105.916957394
50,57,Sn, ,2.9,106.915713649
50,58,Sn, ,10.3,107.91189429
50,59,Sn, ,18.1,108.911292857
50,60,Sn, ,4.154,109.907844835
50,61,Sn, ,35.3,110.907741143
50,62,Sn,0.97,STABLE,111.904824894
50,63,Sn, ,115.09,112.905175857
50,64,Sn,0.66,STABLE,113.90278013
50,65,Sn,0.34,STABLE,114.903344695
50,66,Sn,14.54,STABLE,115.901742825
50,67,Sn,7.68,STABLE,116.902954036
50,68,Sn,24.22,STABLE,117.90160663
50,69,Sn,8.59,STABLE,118.903311266
50,70,Sn,32.58,STABLE,119.902202557
50,71,Sn, ,27.03,120.904243488
50,72,Sn,4.63,STABLE,121.903445494
50,73,Sn, ,129.2,122.905727065
50,74,Sn,5.79,STABLE,123.905279619
50,75,Sn, ,9.64,124.90778937
50,76,Sn, ,230000,125.907658958
50,77,Sn, ,2.1,126.910391726
50,78,Sn, ,59.07,127.910507828
50,79,Sn, ,2.23,128.91348244
50,80,Sn, ,3.72,129.913974531
50,81,Sn, ,56,130.917053067
50,82,Sn, ,39.7,131.917823898
50,83,Sn, ,1.46,132.923913753
50,84,Sn, ,1.05,133.92868043
50,85,Sn, ,515,134.934908603
50,86,Sn, ,345,135.939699
50,87,Sn, ,190,136.946162
50,88,Sn, ,140,137.951143
50,89,Sn, ,130,138.957799
50,90,Sn, , ,139.962973
51,52,Sb, ,49,102.939162
51,53,Sb, ,0.44,103.936344
51,54,Sb, ,1.22,104.931276547
51,55,Sb, ,0.6,105.928637979
51,56,Sb, ,4,106.924150621
51,57,Sb, ,7.4,107.922226731
51,58,Sb, ,17.2,108.918141203
51,59,Sb, ,23.6,109.916854283
51,60,Sb, ,75,110.913218187
51,61,Sb, ,53.5,111.912399903
51,62,Sb, ,6.67,112.909374664
51,63,Sb, ,3.49,113.909289155
51,64,Sb, ,32.1,114.906598
51,65,Sb, ,15.8,115.906792732
51,66,Sb, ,2.8,116.904841519
51,67,Sb, ,3.6,117.905532194
51,68,Sb, ,38.19,118.903944062
51,69,Sb, ,15.89,119.905080308
51,70,Sb,57.21,STABLE,120.903811353
51,71,Sb, ,2.7238,121.905169335
51,72,Sb,42.79,STABLE,122.904215292
51,73,Sb, ,60.2,123.905937065
51,74,Sb, ,2.75856,124.905254264
51,75,Sb, ,12.35,125.907253158
51,76,Sb, ,3.85,126.906925557
51,77,Sb, ,9.05,127.909146121
51,78,Sb, ,4.366,128.909146623
51,79,Sb, ,39.5,129.911662686
51,80,Sb, ,23.03,130.911989339
51,81,Sb, ,2.79,131.914508013
51,82,Sb, ,2.34,132.915272128
51,83,Sb, ,0.78,133.920537334
51,84,Sb, ,1.679,134.925184354
51,85,Sb, ,0.923,135.930749009
51,86,Sb, ,450,136.935522519
51,87,Sb, ,348,137.941331
51,88,Sb, ,93,138.946269
51,89,Sb, ,173,139.952345
51,90,Sb, , ,140.957552
51,91,Sb, ,53,141.963918
52,52,Te, ,18,103.946723408
52,53,Te, ,0.62,104.943304516
52,54,Te, ,70,105.937498521
52,55,Te, ,3.1,106.934882
52,56,Te, ,2.1,107.929380469
52,57,Te, ,4.4,108.927304532
52,58,Te, ,18.6,109.922458102
52,59,Te, ,19.3,110.921000587
52,60,Te, ,2,111.916727848
52,61,Te, ,1.7,112.915891
52,62,Te, ,15.2,113.91208782
52,63,Te, ,5.8,114.911902
52,64,Te, ,2.49,115.908465558
52,65,Te, ,62,116.908646227
52,66,Te, ,6,117.905860104
52,67,Te, ,16.05,118.906405699
52,68,Te,0.09,STABLE,119.904065779
52,69,Te, ,19.17,120.904945065
52,70,Te,2.55,STABLE,121.903044708
52,71,Te,0.89,9.2E+016,122.904271022
52,72,Te,4.74,STABLE,123.902818341
52,73,Te,7.07,STABLE,124.904431178
52,74,Te,8.84,STABLE,125.903312144
52,75,Te, ,9.35,126.905226993
52,76,Te,31.74,7.7E+024,127.904461237
52,77,Te, ,69.6,128.906596419
52,78,Te,34.08,7.9E+020,129.906222745
52,79,Te, ,25,130.90852221
52,80,Te, ,3.204,131.908546713
52,81,Te, ,12.5,132.91096333
52,82,Te, ,41.8,133.911396376
52,83,Te, ,19,134.916554715
52,84,Te, ,17.63,135.92010118
52,85,Te, ,2.49,136.925599354
52,86,Te, ,1.4,137.929472452
52,87,Te, ,1.6,138.935367191
52,88,Te, ,348,139.939487057
52,90,Te, , ,141.950027
52,91,Te, ,408,142.956489
52,92,Te, , ,143.961116
52,93,Te, , ,144.967783
53,55,I, ,36,107.943348
53,56,I, ,92.8,108.938086022
53,57,I, ,0.664,109.935085102
53,58,I, ,2.5,110.930269236
53,59,I, ,3.34,111.928004548
53,60,I, ,6.6,112.923650062
53,61,I, ,2.1,113.9220189
53,62,I, ,1.3,114.918048
53,63,I, ,2.91,115.916885513
53,64,I, ,2.22,116.913645649
53,65,I, ,13.7,117.913074
53,66,I, ,19.1,118.91006091
53,67,I, ,81.6,119.910093729
53,68,I, ,2.12,120.907411492
53,69,I, ,3.63,121.907590094
53,70,I, ,13.223,122.905589753
53,71,I, ,4.176,123.906210297
53,72,I, ,59.407,124.90463061
53,73,I, ,12.93,125.905624205
53,74,I,100,STABLE,126.904472592
53,75,I, ,24.99,127.905809355
53,76,I, ,15700000,128.904983643
53,77,I, ,12.36,129.906670168
53,78,I, ,8.0252,130.906126375
53,79,I, ,2.295,131.907993511
53,80,I, ,20.83,132.9078284
53,81,I, ,52.5,133.90977566
53,82,I, ,6.58,134.910059355
53,83,I, ,83.4,135.914604693
53,84,I, ,24.5,136.918028178
53,85,I, ,6.26,137.922726392
53,86,I, ,2.28,138.9264934
53,87,I, ,0.86,139.931715914
53,88,I, ,0.43,140.935666081
53,89,I, ,222,141.941166595
53,90,I, ,130,142.945475
53,91,I, ,300,143.951336
53,92,I, ,407,144.955845
53,93,I, ,94,145.961846
53,94,I, , ,146.966505
54,54,Xe, ,54,107.954232285
54,55,Xe, ,13,108.950434955
54,56,Xe, ,93,109.944258759
54,57,Xe, ,0.74,110.94147
54,58,Xe, ,2.7,111.935559068
54,59,Xe, ,2.74,112.933221663
54,60,Xe, ,10,113.927980329
54,61,Xe, ,18,114.926293943
54,62,Xe, ,59,115.921580955
54,63,Xe, ,61,116.920358758
54,64,Xe, ,3.8,117.916178678
54,65,Xe, ,5.8,118.915410641
54,66,Xe, ,40,119.911784267
54,67,Xe, ,40.1,120.911453012
54,68,Xe, ,20.1,121.908367655
54,69,Xe, ,2.05,122.908482235
54,70,Xe,0.095,160000000000000,123.905885174
54,71,Xe, ,16.9,124.90638764
54,72,Xe,0.089,STABLE,125.904297422
54,73,Xe, ,36.346,126.905183636
54,74,Xe,1.91,STABLE,127.90353075341
54,75,Xe,26.401,STABLE,128.90478085742
54,76,Xe,4.071,STABLE,129.903509346
54,77,Xe,21.232,STABLE,130.90508412808
54,78,Xe,26.909,STABLE,131.90415508346
54,79,Xe, ,5.2475,132.905910748
54,80,Xe,10.436,5.8E+022,133.90539303
54,81,Xe, ,9.14,134.907231441
54,82,Xe,8.857,2.165E+021,135.907214474
54,83,Xe, ,3.818,136.911557771
54,84,Xe, ,14.14,137.914146268
54,85,Xe, ,39.68,138.9187922
54,86,Xe, ,13.6,139.921645814
54,87,Xe, ,1.73,140.926787181
54,88,Xe, ,1.23,141.929973095
54,89,Xe, ,0.511,142.93536955
54,90,Xe, ,1.15,143.938945076
54,91,Xe, ,188,144.944719631
54,92,Xe, ,146,145.948518245
54,93,Xe, ,0.1,146.954482
54,94,Xe, ,0.4,147.958508
54,95,Xe, , ,148.964573
54,96,Xe, , ,149.968878
55,57,Cs, ,0.49,111.950172
55,58,Cs, ,17.7,112.944428484
55,59,Cs, ,0.57,113.941292244
55,60,Cs, ,1.4,114.93591
55,61,Cs, ,0.7,115.933395
55,62,Cs, ,8.4,116.928616723
55,63,Cs, ,14,117.926559517
55,64,Cs, ,43,118.922377327
55,65,Cs, ,61.3,119.920677277
55,66,Cs, ,155,120.917227235
55,67,Cs, ,21.18,121.916108144
55,68,Cs, ,5.86,122.91299606
55,69,Cs, ,30.9,123.912247366
55,70,Cs, ,46.7,124.909725953
55,71,Cs, ,1.64,125.909445821
55,72,Cs, ,6.25,126.907417527
55,73,Cs, ,3.64,127.907748452
55,74,Cs, ,32.06,128.90606591
55,75,Cs, ,29.21,129.906709281
55,76,Cs, ,9.689,130.905468457
55,77,Cs, ,6.48,131.90643774
55,78,Cs,100,STABLE,132.905451958
55,79,Cs, ,2.0652,133.906718501
55,80,Cs, ,2300000,134.905976907
55,81,Cs, ,13.01,135.907311431
55,82,Cs, ,30.08,136.907089296
55,83,Cs, ,32.5,137.911017119
55,84,Cs, ,9.27,138.913363822
55,85,Cs, ,63.7,139.917283707
55,86,Cs, ,24.84,140.920045279
55,87,Cs, ,1.684,141.924299514
55,88,Cs, ,1.791,142.927347346
55,89,Cs, ,0.994,143.932075402
55,90,Cs, ,0.587,144.935528927
55,91,Cs, ,0.322,145.940621867
55,92,Cs, ,0.23,146.944261512
55,93,Cs, ,146,147.949639026
55,94,Cs, ,0.113,148.953516
55,95,Cs, ,84,149.959023
55,96,Cs, ,69,150.963199
55,97,Cs, ,50,151.968728
56,58,Ba, ,0.43,113.950718489
56,59,Ba, ,0.45,114.947482
56,60,Ba, ,1.3,115.941621
56,61,Ba, ,1.75,116.938316403
56,62,Ba, ,5.5,117.933226
56,63,Ba, ,5.4,118.930659683
56,64,Ba, ,24,119.926044997
56,65,Ba, ,29.7,120.924052286
56,66,Ba, ,1.95,121.919904
56,67,Ba, ,2.4,122.91878106
56,68,Ba, ,11,123.915093627
56,69,Ba, ,3.3,124.91447184
56,70,Ba, ,100,125.911250202
56,71,Ba, ,12.7,126.911091272
56,72,Ba, ,2.43,127.908352446
56,73,Ba, ,2.23,128.908683409
56,74,Ba,0.11,STABLE,129.906326002
56,75,Ba, ,11.5,130.906946315
56,76,Ba,0.1,3E+021,131.905061231
56,77,Ba, ,10.551,132.906007443
56,78,Ba,2.42,STABLE,133.904508249
56,79,Ba,6.59,STABLE,134.905688447
56,80,Ba,7.85,STABLE,135.9045758
56,81,Ba,11.23,STABLE,136.905827207
56,82,Ba,71.7,STABLE,137.905247059
56,83,Ba, ,82.93,138.908841164
56,84,Ba, ,12.751,139.910608231
56,85,Ba, ,18.27,140.914403653
56,86,Ba, ,10.6,141.916432904
56,87,Ba, ,14.5,142.920625149
56,88,Ba, ,11.5,143.922954821
56,89,Ba, ,4.31,144.9275184
56,90,Ba, ,2.21,145.9303632
56,91,Ba, ,0.894,146.9353039
56,92,Ba, ,0.612,147.938223
56,93,Ba, ,0.344,148.943284
56,94,Ba, ,0.259,149.9464411
56,95,Ba, ,0.167,150.951755
56,96,Ba, ,0.139,151.95533
56,97,Ba, ,0.116,152.960848
56,98,Ba, ,53,153.964659
57,60,La, ,23.5,116.950326
57,63,La, ,2.8,119.938196
57,64,La, ,5.3,120.933236
57,65,La, ,8.6,121.93071
57,66,La, ,16.3,122.9263
57,67,La, ,21,123.924574275
57,68,La, ,64.8,124.920815931
57,69,La, ,54,125.919512667
57,70,La, ,5.1,126.916375083
57,71,La, ,5.18,127.915592123
57,72,La, ,11.6,128.912695592
57,73,La, ,8.7,129.912369413
57,74,La, ,59,130.91007
57,75,La, ,4.8,131.910119047
57,76,La, ,3.912,132.908218
57,77,La, ,6.45,133.908514011
57,78,La, ,19.5,134.906984427
57,79,La, ,9.87,135.907634962
57,80,La, ,60000,136.906450438
57,81,La,0.08881,103000000000,137.907124041
57,82,La,99.91119,STABLE,138.906362927
57,83,La, ,1.67858,139.909487285
57,84,La, ,3.92,140.910971155
57,85,La, ,91.1,141.91409076
57,86,La, ,14.2,142.916079482
57,87,La, ,40.8,143.919645589
57,88,La, ,24.8,144.921808065
57,89,La, ,6.1,145.925688017
57,90,La, ,4.06,146.9284178
57,91,La, ,1.26,147.9326794
57,92,La, ,1.05,148.935351259
57,93,La, ,0.59,149.9395475
57,94,La, ,0.457,150.942769
57,95,La, ,0.298,151.947085
57,96,La, ,0.245,152.950553
57,97,La, ,0.161,153.955416
57,98,La, ,101,154.95928
57,99,La, ,84,155.964519
57,100,La, , ,156.968792
58,63,Ce, ,1.1,120.943435
58,64,Ce, , ,121.93787
58,65,Ce, ,3.8,122.93528
58,66,Ce, ,6,123.93031
58,67,Ce, ,9.7,124.92844
58,68,Ce, ,51,125.923971
58,69,Ce, ,34,126.922727
58,70,Ce, ,3.93,127.918911
58,71,Ce, ,3.5,128.918102
58,72,Ce, ,22.9,129.914736
58,73,Ce, ,10.3,130.914429465
58,74,Ce, ,3.51,131.911466226
58,75,Ce, ,97,132.911520402
58,76,Ce, ,3.16,133.908928142
58,77,Ce, ,17.7,134.909160662
58,78,Ce,0.186,STABLE,135.907129256
58,79,Ce, ,9,136.907762416
58,80,Ce,0.251,4.4E+016,137.90599418
58,81,Ce, ,137.63,138.906647029
58,82,Ce,88.449,STABLE,139.905448433
58,83,Ce, ,32.511,140.908285991
58,84,Ce,11.114,5E+016,141.909250208
58,85,Ce, ,33.039,142.912391953
58,86,Ce, ,284.91,143.913652763
58,87,Ce, ,3.01,144.917265113
58,88,Ce, ,13.49,145.918812294
58,89,Ce, ,56.4,146.9226899
58,90,Ce, ,56.8,147.924424186
58,91,Ce, ,5.3,148.9284269
58,92,Ce, ,4,149.930384032
58,93,Ce, ,1.76,150.9342722
58,94,Ce, ,1.4,151.936682
58,95,Ce, ,0.865,152.941052
58,96,Ce, ,0.722,153.94394
58,97,Ce, ,313,154.948706
58,98,Ce, ,0.233,155.951884
58,99,Ce, ,0.18,156.957133
58,100,Ce, ,99,157.960773
59,62,Pr, ,10,120.955393
59,65,Pr, ,1.2,123.94294
59,66,Pr, ,3.3,124.937659
59,67,Pr, ,3.14,125.93524
59,68,Pr, ,4.2,126.93071
59,69,Pr, ,2.84,127.928791
59,70,Pr, ,30,128.925095
59,71,Pr, ,40,129.92359
59,72,Pr, ,1.51,130.92023496
59,73,Pr, ,1.6,131.91924
59,74,Pr, ,6.5,132.916330558
59,75,Pr, ,17,133.915696729
59,76,Pr, ,24,134.913111772
59,77,Pr, ,13.1,135.91267747
59,78,Pr, ,1.28,136.910679183
59,79,Pr, ,1.45,137.910757495
59,80,Pr, ,4.41,138.9089327
59,81,Pr, ,3.39,139.9090856
59,82,Pr,100,STABLE,140.907659604
59,83,Pr, ,19.12,141.91005164
59,84,Pr, ,13.57,142.910822624
59,85,Pr, ,17.28,143.913310682
59,86,Pr, ,5.984,144.914517987
59,87,Pr, ,24.09,145.91768763
59,88,Pr, ,13.4,146.919007438
59,89,Pr, ,2.29,147.922129992
59,90,Pr, ,2.26,148.9237361
59,91,Pr, ,6.19,149.926676391
59,92,Pr, ,18.9,150.928309066
59,93,Pr, ,3.57,151.9315529
59,94,Pr, ,4.29,152.933903511
59,95,Pr, ,2.3,153.937885165
59,96,Pr, ,1.47,154.940509193
59,97,Pr, ,0.444,155.9447669
59,98,Pr, ,0.295,156.9480031
59,99,Pr, ,0.181,157.952603
59,100,Pr, ,0.13,158.956232
59,101,Pr, ,0.17,159.961138
59,102,Pr, , ,160.965121
60,65,Nd, ,0.65,124.948395
60,66,Nd, , ,125.942694
60,67,Nd, ,1.8,126.939978
60,68,Nd, ,5,127.935018
60,69,Nd, ,6.7,128.933038
60,70,Nd, ,13,129.928506
60,71,Nd, ,25.4,130.92724802
60,72,Nd, ,94,131.923321237
60,73,Nd, ,70,132.922348
60,74,Nd, ,8.5,133.918790207
60,75,Nd, ,12.4,134.918181318
60,76,Nd, ,50.65,135.914976061
60,77,Nd, ,38.5,136.914563099
60,78,Nd, ,5.04,137.911950938
60,79,Nd, ,29.7,138.911951208
60,80,Nd, ,3.37,139.90954613
60,81,Nd, ,2.49,140.90961669
60,82,Nd,27.153,STABLE,141.907728824
60,83,Nd,12.173,STABLE,142.909819815
60,84,Nd,23.798,2290000000000000,143.910092798
60,85,Nd,8.293,STABLE,144.912579151
60,86,Nd,17.189,STABLE,145.913122459
60,87,Nd, ,10.98,146.916105969
60,88,Nd,5.756,STABLE,147.916899027
60,89,Nd, ,1.728,148.920154583
60,90,Nd,5.638,9.1E+018,149.920901322
60,91,Nd, ,12.44,150.923839363
60,92,Nd, ,11.4,151.924691242
60,93,Nd, ,31.6,152.927717868
60,94,Nd, ,25.9,153.929597404
60,95,Nd, ,8.9,154.933135598
60,96,Nd, ,5.26,155.935370358
60,97,Nd, ,1.15,156.939351074
60,98,Nd, ,0.82,157.94220562
60,99,Nd, ,0.485,158.946619085
60,100,Nd, ,439,159.949839172
60,101,Nd, ,0.22,160.954664
60,102,Nd, ,0.31,161.958121
60,103,Nd, , ,162.963414
61,67,Pm, ,1,127.948234
61,68,Pm, ,2.4,128.942909
61,69,Pm, ,2.6,129.940451
61,70,Pm, ,6.3,130.935834
61,71,Pm, ,6.2,131.93384
61,72,Pm, ,13.5,132.929782
61,73,Pm, ,5,133.928326
61,74,Pm, ,49,134.924785
61,75,Pm, ,300,135.923595949
61,76,Pm, ,2.4,136.920479519
61,77,Pm, ,10,137.919576119
61,78,Pm, ,4.15,138.916799228
61,79,Pm, ,9.2,139.916035918
61,80,Pm, ,20.9,140.913555081
61,81,Pm, ,40.5,141.912890982
61,82,Pm, ,265,142.910938068
61,83,Pm, ,363,143.912596208
61,84,Pm, ,17.7,144.912755748
61,85,Pm, ,5.53,145.91470224
61,86,Pm, ,2.6234,146.915144944
61,87,Pm, ,5.368,147.917481091
61,88,Pm, ,53.08,148.918341507
61,89,Pm, ,2.698,149.920990014
61,90,Pm, ,28.4,150.921216613
61,91,Pm, ,4.12,151.923505185
61,92,Pm, ,5.25,152.924156252
61,93,Pm, ,2.68,153.926712791
61,94,Pm, ,41.5,154.928136951
61,95,Pm, ,26.7,155.931114059
61,96,Pm, ,10.56,156.933121298
61,97,Pm, ,4.8,157.936546948
61,98,Pm, ,1.5,158.939286409
61,99,Pm, ,725,159.943215272
61,100,Pm, ,1.05,160.946229837
61,101,Pm, ,0.63,161.950574
61,102,Pm, ,0.43,162.953881
61,103,Pm, , ,163.958819
61,104,Pm, , ,164.96278
62,67,Sm, ,0.55,128.954557
62,68,Sm, , ,129.948792
62,69,Sm, ,1.2,130.946022
62,70,Sm, ,4,131.940805
62,71,Sm, ,2.89,132.93856
62,72,Sm, ,9.5,133.93411
62,73,Sm, ,10.3,134.93252
62,74,Sm, ,47,135.928275553
62,75,Sm, ,45,136.927007959
62,76,Sm, ,3.1,137.923243988
62,77,Sm, ,2.57,138.922296631
62,78,Sm, ,14.82,139.918994714
62,79,Sm, ,10.2,140.918481545
62,80,Sm, ,72.49,141.915209415
62,81,Sm, ,8.75,142.914634848
62,82,Sm,3.08,STABLE,143.912006285
62,83,Sm, ,340,144.913417157
62,84,Sm, ,68000000,145.913046835
62,85,Sm,15,106000000000,146.914904401
62,86,Sm,11.25,7000000000000000,147.914829233
62,87,Sm,13.82,STABLE,148.917191211
62,88,Sm,7.37,STABLE,149.917281993
62,89,Sm, ,90,150.919938859
62,90,Sm,26.74,STABLE,151.919738646
62,91,Sm, ,46.284,152.922103576
62,92,Sm,22.74,STABLE,153.922215756
62,93,Sm, ,22.18,154.924646645
62,94,Sm, ,9.4,155.925538191
62,95,Sm, ,8.03,156.928418598
62,96,Sm, ,5.3,157.929949262
62,97,Sm, ,11.37,158.93321713
62,98,Sm, ,9.6,159.935337032
62,99,Sm, ,4.8,160.939160062
62,100,Sm, ,2.4,161.941621687
62,101,Sm, ,1.23,162.945679085
62,102,Sm, ,1.43,163.948550061
62,103,Sm, ,0.98,164.95329
62,104,Sm, ,0.8,165.956575
62,105,Sm, , ,166.962072
62,106,Sm, , ,167.966033
63,67,Eu, ,0.9,129.964022
63,68,Eu, ,17.8,130.957634
63,69,Eu, , ,131.954696
63,71,Eu, ,0.5,133.946537
63,72,Eu, ,1.5,134.94187
63,73,Eu, ,3.3,135.93962
63,74,Eu, ,11,136.935430719
63,75,Eu, ,12.1,137.933709
63,76,Eu, ,17.9,138.929792307
63,77,Eu, ,1.51,139.928087633
63,78,Eu, ,40.7,140.924931734
63,79,Eu, ,2.34,141.923446719
63,80,Eu, ,2.59,142.920298678
63,81,Eu, ,10.2,143.918819481
63,82,Eu, ,5.93,144.916272659
63,83,Eu, ,4.61,145.917210852
63,84,Eu, ,24.1,146.91675244
63,85,Eu, ,54.5,147.918091288
63,86,Eu, ,93.1,148.917936875
63,87,Eu, ,36.9,149.919707092
63,88,Eu,47.81,1.7E+018,150.919856606
63,89,Eu, ,13.517,151.92175098
63,90,Eu,52.19,STABLE,152.921236789
63,91,Eu, ,8.601,153.922985699
63,92,Eu, ,4.753,154.922899847
63,93,Eu, ,15.19,155.924762976
63,94,Eu, ,15.18,156.925432556
63,95,Eu, ,45.9,157.927782192
63,96,Eu, ,18.1,158.929099512
63,97,Eu, ,42.6,159.931836982
63,98,Eu, ,26,160.933663991
63,99,Eu, ,10.6,161.936958329
63,100,Eu, ,7.7,162.93926551
63,101,Eu, ,4.15,163.942852943
63,102,Eu, ,2.3,164.94554007
63,103,Eu, ,1.7,165.949813
63,104,Eu, ,1.3,166.953011
63,105,Eu, ,0.2,167.957863
63,106,Eu, , ,168.961717
64,70,Gd, , ,133.955416
64,71,Gd, ,1.1,134.952496
64,72,Gd, ,200,135.9473
64,73,Gd, ,2.2,136.94502
64,74,Gd, ,4.7,137.940247
64,75,Gd, ,5.8,138.93813
64,76,Gd, ,15.8,139.933674
64,77,Gd, ,14,140.932126
64,78,Gd, ,70.2,141.928116
64,79,Gd, ,39,142.926750678
64,80,Gd, ,4.47,143.922963
64,81,Gd, ,23,144.921710051
64,82,Gd, ,48.27,145.918318513
64,83,Gd, ,38.06,146.919101014
64,84,Gd, ,71.1,147.918121414
64,85,Gd, ,9.28,148.919347666
64,86,Gd, ,1790000,149.918663949
64,87,Gd, ,123.9,150.920354922
64,88,Gd,0.2,108000000000000,151.919798414
64,89,Gd, ,240.4,152.921756945
64,90,Gd,2.18,STABLE,153.920872974
64,91,Gd,14.8,STABLE,154.922629356
64,92,Gd,20.47,STABLE,155.92213012
64,93,Gd,15.65,STABLE,156.923967424
64,94,Gd,24.84,STABLE,157.9241112
64,95,Gd, ,18.479,158.926395822
64,96,Gd,21.86,STABLE,159.927061202
64,97,Gd, ,3.66,160.929676267
64,98,Gd, ,8.4,161.930991812
64,99,Gd, ,68,162.93409664
64,100,Gd, ,45,163.935916193
64,101,Gd, ,10.3,164.93931708
64,102,Gd, ,4.8,165.941630413
64,103,Gd, ,4.26,166.945490012
64,104,Gd, ,3.03,167.948309
64,105,Gd, ,0.75,168.952882
64,106,Gd, ,0.41,169.956146
64,107,Gd, , ,170.961127
64,108,Gd, , ,171.964605
65,70,Tb, ,0.94,134.964516
65,73,Tb, ,200,137.953193
65,74,Tb, ,1.6,138.94833
65,75,Tb, ,2.29,139.945805048
65,76,Tb, ,3.5,140.941448
65,77,Tb, ,597,141.939280858
65,78,Tb, ,12,142.935137332
65,79,Tb, ,1,143.933045
65,80,Tb, , ,144.928717001
65,81,Tb, ,8,145.927252739
65,82,Tb, ,1.64,146.92405462
65,83,Tb, ,60,147.924275476
65,84,Tb, ,4.118,148.923253792
65,85,Tb, ,3.48,149.923664799
65,86,Tb, ,17.609,150.92310897
65,87,Tb, ,17.5,151.924081855
65,88,Tb, ,2.34,152.923441694
65,89,Tb, ,21.5,153.924683681
65,90,Tb, ,5.32,154.923509511
65,91,Tb, ,5.35,155.924754209
65,92,Tb, ,71,156.924031888
65,93,Tb, ,180,157.925419942
65,94,Tb,100,STABLE,158.925353707
65,95,Tb, ,72.3,159.927174553
65,96,Tb, ,6.89,160.927576806
65,97,Tb, ,7.6,161.9292754
65,98,Tb, ,19.5,162.930653609
65,99,Tb, ,3,163.933327561
65,100,Tb, ,2.11,164.934955198
65,101,Tb, ,25.1,165.937939727
65,102,Tb, ,19.4,166.940007046
65,103,Tb, ,8.2,167.943337074
65,104,Tb, ,5.1,168.945807
65,105,Tb, ,0.96,169.949855
65,106,Tb, ,1.24,170.953011
65,107,Tb, ,0.76,171.957391
65,108,Tb, , ,172.960805
65,109,Tb, , ,173.965679
66,73,Dy, ,0.6,138.959527
66,74,Dy, , ,139.95402
66,75,Dy, ,0.9,140.95128
66,76,Dy, ,2.3,141.946194
66,77,Dy, ,5.6,142.943994332
66,78,Dy, ,9.1,143.939269512
66,79,Dy, ,6,144.937473992
66,80,Dy, ,33.2,145.932844526
66,81,Dy, ,67,146.931082712
66,82,Dy, ,3.3,147.927149944
66,83,Dy, ,4.2,148.927327516
66,84,Dy, ,7.17,149.925593068
66,85,Dy, ,17.9,150.926191279
66,86,Dy, ,2.38,151.924725274
66,87,Dy, ,6.4,152.925771729
66,88,Dy, ,3000000,153.92442892
66,89,Dy, ,9.9,154.925758049
66,90,Dy,0.056,STABLE,155.924283593
66,91,Dy, ,8.14,156.925469555
66,92,Dy,0.095,STABLE,157.924414817
66,93,Dy, ,144.4,158.925745938
66,94,Dy,2.329,STABLE,159.925203578
66,95,Dy,18.889,STABLE,160.926939425
66,96,Dy,25.475,STABLE,161.926804507
66,97,Dy,24.896,STABLE,162.928737221
66,98,Dy,28.26,STABLE,163.929180819
66,99,Dy, ,2.332,164.931709402
66,100,Dy, ,81.6,165.93281281
66,101,Dy, ,6.2,166.935682415
66,102,Dy, ,8.7,167.937134977
66,103,Dy, ,39,168.940315231
66,104,Dy, ,55,169.94234
66,105,Dy, ,4.1,170.946312
66,106,Dy, ,160,171.948728
66,107,Dy, ,1.43,172.953043
66,108,Dy, ,160,173.955845
66,109,Dy, , ,174.960569
66,110,Dy, , ,175.963918
67,73,Ho, ,6,139.968526
67,74,Ho, ,4.1,140.963108
67,75,Ho, ,0.4,141.96001
67,76,Ho, , ,142.95486
67,77,Ho, ,0.7,143.952109712
67,78,Ho, ,2.4,144.947267392
67,79,Ho, ,3.32,145.944993503
67,80,Ho, ,5.8,146.940142293
67,81,Ho, ,2.2,147.937743925
67,82,Ho, ,21.1,148.933820457
67,83,Ho, ,72,149.933498353
67,84,Ho, ,35.2,150.931698176
67,85,Ho, ,161.8,151.931717618
67,86,Ho, ,2.01,152.930206671
67,87,Ho, ,11.76,153.930606776
67,88,Ho, ,48,154.929103363
67,89,Ho, ,56,155.929641634
67,90,Ho, ,12.6,156.928251974
67,91,Ho, ,11.3,157.92894491
67,92,Ho, ,33.05,158.927718683
67,93,Ho, ,25.6,159.928735538
67,94,Ho, ,2.48,160.927861815
67,95,Ho, ,15,161.929102543
67,96,Ho, ,4570,162.92874026
67,97,Ho, ,28.8,163.930240548
67,98,Ho,100,STABLE,164.930329116
67,99,Ho, ,26.824,165.932291209
67,100,Ho, ,3.1,166.933140254
67,101,Ho, ,2.99,167.935523766
67,102,Ho, ,4.72,168.93687989
67,103,Ho, ,2.76,169.939626548
67,104,Ho, ,53,170.941472713
67,105,Ho, ,25,171.94473
67,106,Ho, ,6.9,172.94702
67,107,Ho, ,3.2,173.950757
67,108,Ho, ,1.9,174.953516
67,109,Ho, ,160,175.957713
67,110,Ho, , ,176.961052
67,111,Ho, , ,177.965507
68,75,Er, , ,142.966548
68,76,Er, ,200,143.9607
68,77,Er, , ,144.957874
68,78,Er, ,1.7,145.952418357
68,79,Er, ,2.5,146.949964456
68,80,Er, ,4.6,147.944735026
68,81,Er, ,4,148.942306
68,82,Er, ,18.5,149.937915524
68,83,Er, ,23.5,150.937448567
68,84,Er, ,10.3,151.935050347
68,85,Er, ,37.1,152.93508635
68,86,Er, ,3.73,153.932790799
68,87,Er, ,5.3,154.93321571
68,88,Er, ,19.5,155.931065926
68,89,Er, ,18.65,156.931922652
68,90,Er, ,2.29,157.929893474
68,91,Er, ,36,158.93069079
68,92,Er, ,28.58,159.929077193
68,93,Er, ,3.21,160.93000353
68,94,Er,0.139,STABLE,161.928787299
68,95,Er, ,75,162.930039908
68,96,Er,1.601,STABLE,163.929207739
68,97,Er, ,10.36,164.930733482
68,98,Er,33.503,STABLE,165.930301067
68,99,Er,22.869,STABLE,166.932056192
68,100,Er,26.978,STABLE,167.932378282
68,101,Er, ,9.392,168.934598444
68,102,Er,14.91,STABLE,169.935471933
68,103,Er, ,7.516,170.938037372
68,104,Er, ,49.3,171.939363461
68,105,Er, ,1.4,172.9424
68,106,Er, ,3.2,173.94423
68,107,Er, ,1.2,174.94777
68,108,Er, ,160,175.94994
68,109,Er, , ,176.95399
68,110,Er, ,160,177.956779
68,111,Er, , ,178.961267
68,112,Er, , ,179.96438
69,75,Tm, ,1.9,143.976211
69,76,Tm, ,3.17,144.970389
69,77,Tm, ,68,145.966661
69,78,Tm, ,0.58,146.961379887
69,79,Tm, ,0.7,147.958384026
69,80,Tm, ,0.9,148.952828
69,81,Tm, ,2.2,149.95009
69,82,Tm, ,4.17,150.945494433
69,83,Tm, ,8,151.944476
69,84,Tm, ,1.48,152.942058023
69,85,Tm, ,8.1,153.941570062
69,86,Tm, ,21.6,154.939209576
69,87,Tm, ,83.8,155.938985746
69,88,Tm, ,3.63,156.936973
69,89,Tm, ,3.98,157.936979525
69,90,Tm, ,9.13,158.934975
69,91,Tm, ,9.4,159.935264177
69,92,Tm, ,30.2,160.933549
69,93,Tm, ,21.7,161.934001211
69,94,Tm, ,1.81,162.932658282
69,95,Tm, ,1.95,163.933538019
69,96,Tm, ,30.06,164.932441843
69,97,Tm, ,7.7,165.933562136
69,98,Tm, ,9.25,166.932857206
69,99,Tm, ,93.1,167.934178457
69,100,Tm,100,STABLE,168.934218956
69,101,Tm, ,128.6,169.935807093
69,102,Tm, ,1.92,170.936435162
69,103,Tm, ,63.6,171.938406959
69,104,Tm, ,8.24,172.93960663
69,105,Tm, ,5.4,173.942174061
69,106,Tm, ,15.2,174.94384231
69,107,Tm, ,1.9,175.946997707
69,108,Tm, ,95,176.948932
69,109,Tm, ,300,177.952506
69,110,Tm, ,160,178.955018
69,111,Tm, ,300,179.959023
69,112,Tm, ,160,180.961954
70,79,Yb, ,0.7,148.964219
70,80,Yb, ,200,149.958314
70,81,Yb, ,1.6,150.955402453
70,82,Yb, ,3.03,151.950326699
70,83,Yb, ,4.2,152.949372
70,84,Yb, ,0.409,153.946395696
70,85,Yb, ,1.793,154.945783216
70,86,Yb, ,26.1,155.942817096
70,87,Yb, ,38.6,156.942651368
70,88,Yb, ,1.49,157.939871202
70,89,Yb, ,1.67,158.940060257
70,90,Yb, ,4.8,159.93755921
70,91,Yb, ,4.2,160.937912384
70,92,Yb, ,18.87,161.935779342
70,93,Yb, ,11.05,162.936345406
70,94,Yb, ,75.8,163.934500743
70,95,Yb, ,9.9,164.935270241
70,96,Yb, ,56.7,165.933876439
70,97,Yb, ,17.5,166.934954069
70,98,Yb,0.123,STABLE,167.933891297
70,99,Yb, ,32.018,168.935184208
70,100,Yb,2.982,STABLE,169.934767242
70,101,Yb,14.086,STABLE,170.936331515
70,102,Yb,21.686,STABLE,171.936386654
70,103,Yb,16.103,STABLE,172.938216211
70,104,Yb,32.025,STABLE,173.938867545
70,105,Yb, ,4.185,174.941281907
70,106,Yb,12.995,STABLE,175.942574706
70,107,Yb, ,1.911,176.945263846
70,108,Yb, ,74,177.9466694
70,109,Yb, ,8,178.94993
70,110,Yb, ,2.4,179.951991
70,111,Yb, ,160,180.95589
70,112,Yb, ,160,181.958239
70,113,Yb, ,222,182.962426
70,114,Yb, ,160,183.965002
70,115,Yb, ,160,184.969425
71,79,Lu, ,45,149.973407
71,80,Lu, ,80.6,150.967471
71,81,Lu, ,0.7,151.96412
71,82,Lu, ,0.9,152.958802248
71,83,Lu, , ,153.957416
71,84,Lu, ,68,154.954326005
71,85,Lu, ,494,155.953086606
71,86,Lu, ,6.8,156.950144807
71,87,Lu, ,10.6,157.94931562
71,88,Lu, ,12.1,158.946635615
71,89,Lu, ,36.1,159.946033
71,90,Lu, ,77,160.943572
71,91,Lu, ,1.37,161.943282776
71,92,Lu, ,3.97,162.941179
71,93,Lu, ,3.14,163.941339
71,94,Lu, ,10.74,164.939406758
71,95,Lu, ,2.65,165.939859
71,96,Lu, ,51.5,166.938243
71,97,Lu, ,5.5,167.938729798
71,98,Lu, ,34.06,168.937645845
71,99,Lu, ,2.012,169.93847923
71,100,Lu, ,8.247,170.937918591
71,101,Lu, ,6.7,171.93909132
71,102,Lu, ,1.37,172.938935722
71,103,Lu, ,3.31,173.94034284
71,104,Lu,97.401,STABLE,174.940777211
71,105,Lu,2.599,37600000000,175.942691711
71,106,Lu, ,6.6443,176.94376357
71,107,Lu, ,28.4,177.945960065
71,108,Lu, ,4.59,178.947332985
71,109,Lu, ,5.7,179.949890744
71,110,Lu, ,3.5,180.951908
71,111,Lu, ,2,181.955158
71,112,Lu, ,58,182.957363
71,113,Lu, ,19,183.96103
71,114,Lu, ,160,184.963542
71,115,Lu, ,160,185.96745
71,116,Lu, ,160,186.970188
71,117,Lu, , ,187.974428
72,79,Hf, , ,#VALUE!
72,81,Hf, , ,152.970692
72,82,Hf, ,2,153.964863
72,83,Hf, ,843,154.963167
72,84,Hf, ,23,155.959399083
72,85,Hf, ,115,156.958288
72,86,Hf, ,2.85,157.954801217
72,87,Hf, ,5.6,158.953995837
72,88,Hf, ,13.6,159.950682728
72,89,Hf, ,18.4,160.950277927
72,90,Hf, ,39.4,161.947215526
72,91,Hf, ,40,162.947107211
72,92,Hf, ,111,163.944370709
72,93,Hf, ,76,164.944567
72,94,Hf, ,6.77,165.94218
72,95,Hf, ,2.05,166.9426
72,96,Hf, ,25.95,167.940568
72,97,Hf, ,3.24,168.941259
72,98,Hf, ,16.01,169.939609
72,99,Hf, ,12.1,170.940492
72,100,Hf, ,1.87,171.939449716
72,101,Hf, ,23.6,172.940513
72,102,Hf,0.16,2000000000000000,173.940048377
72,103,Hf, ,70,174.941511424
72,104,Hf,5.26,STABLE,175.941409797
72,105,Hf,18.6,STABLE,176.943230187
72,106,Hf,27.28,STABLE,177.943708322
72,107,Hf,13.62,STABLE,178.945825705
72,108,Hf,35.08,STABLE,179.946559537
72,109,Hf, ,42.39,180.949110834
72,110,Hf, ,8900000,181.950563684
72,111,Hf, ,1.018,182.953533203
72,112,Hf, ,4.12,183.955448507
72,113,Hf, ,3.5,184.958862
72,114,Hf, ,2.6,185.960897
72,115,Hf, , ,186.964573
72,116,Hf, , ,187.966903
72,117,Hf, , ,188.970853
72,118,Hf, , ,189.973376
73,82,Ta, ,2.9,154.974248
73,83,Ta, ,106,155.972087
73,84,Ta, ,10.1,156.968227445
73,85,Ta, ,55,157.966593
73,86,Ta, ,0.83,158.963028046
73,87,Ta, ,1.55,159.961541678
73,88,Ta, , ,160.958369489
73,89,Ta, ,3.57,161.957292907
73,90,Ta, ,10.6,162.954337194
73,91,Ta, ,14.2,163.953534
73,92,Ta, ,31,164.950780287
73,93,Ta, ,34.4,165.950512
73,94,Ta, ,80,166.948093
73,95,Ta, ,2,167.948047
73,96,Ta, ,4.9,168.946011
73,97,Ta, ,6.76,169.946175
73,98,Ta, ,23.3,170.944476
73,99,Ta, ,36.8,171.944895
73,100,Ta, ,3.14,172.94375
73,101,Ta, ,1.14,173.944454
73,102,Ta, ,10.5,174.943737
73,103,Ta, ,8.09,175.944857
73,104,Ta, ,56.36,176.94448194
73,105,Ta, ,2.36,177.94568
73,106,Ta, ,1.82,178.94593905
73,107,Ta, ,8.154,179.947467589
73,108,Ta,99.98799,STABLE,180.947998528
73,109,Ta, ,114.74,181.950154612
73,110,Ta, ,5.1,182.95137538
73,111,Ta, ,8.7,183.954009958
73,112,Ta, ,49.4,184.955561317
73,113,Ta, ,10.5,185.958553036
73,114,Ta, , ,186.960391
73,115,Ta, ,19.6,187.963596
73,116,Ta, , ,188.96569
73,117,Ta, ,5.3,189.969168
73,118,Ta, ,300,190.97153
73,119,Ta, ,2.2,191.975201
73,120,Ta, , ,192.97766
73,121,Ta, , ,193.98161
74,83,W, ,275,156.978862
74,84,W, ,1.25,157.974565
74,85,W, ,7.3,158.972696
74,86,W, ,91,159.968513946
74,87,W, ,409,160.967249
74,88,W, ,1.19,161.963500341
74,89,W, ,2.67,162.962524251
74,90,W, ,6.3,163.958952445
74,91,W, ,5.1,164.958280663
74,92,W, ,19.2,165.955031952
74,93,W, ,19.9,166.95481108
74,94,W, ,50.9,167.951805459
74,95,W, ,74,168.951778689
74,96,W, ,2.42,169.949231235
74,97,W, ,2.38,170.949451
74,98,W, ,6.6,171.947292
74,99,W, ,7.6,172.947689
74,100,W, ,33.2,173.946079
74,101,W, ,35.2,174.946717
74,102,W, ,2.5,175.945634
74,103,W, ,132.4,176.946643
74,104,W, ,21.6,177.945885791
74,105,W, ,37.05,178.947079378
74,106,W,0.12,1.8E+018,179.946713304
74,107,W, ,121.2,180.948218733
74,108,W,26.5,STABLE,181.948205636
74,109,W,14.31,6.7E+020,182.950224416
74,110,W,30.64,STABLE,183.95093318
74,111,W, ,75.1,184.953421206
74,112,W,28.43,STABLE,185.95436514
74,113,W, ,24,186.957161249
74,114,W, ,69.78,187.958488325
74,115,W, ,11.6,188.961557
74,116,W, ,30,189.963103542
74,118,W, , ,191.968202
74,119,W, , ,192.971884
74,120,W, , ,193.973795
74,121,W, ,160,194.977735
74,122,W, ,160,195.979882
74,123,W, ,160,196.984036
75,84,Re, , ,158.984106
75,85,Re, ,612,159.98188
75,86,Re, ,0.44,160.977624313
75,87,Re, ,107,161.975896
75,88,Re, ,390,162.972085434
75,89,Re, ,0.7,163.970507122
75,90,Re, ,1.6,164.967085831
75,91,Re, ,2.25,165.965821216
75,92,Re, ,5.9,166.962604
75,93,Re, ,4.4,167.961572607
75,94,Re, ,8.1,168.958765979
75,95,Re, ,9.2,169.958234844
75,96,Re, ,15.2,170.955716
75,97,Re, ,15,171.955376165
75,98,Re, ,1.98,172.953243
75,99,Re, ,2.4,173.953115
75,100,Re, ,5.89,174.951381
75,101,Re, ,5.3,175.951623
75,102,Re, ,14,176.950328
75,103,Re, ,13.2,177.950989
75,104,Re, ,19.5,178.949989686
75,105,Re, ,2.46,179.950791568
75,106,Re, ,19.9,180.950061507
75,107,Re, ,64.2,181.95121156
75,108,Re, ,70,182.950821306
75,109,Re, ,35.4,183.952528073
75,110,Re,37.4,STABLE,184.95295832
75,111,Re, ,3.7183,185.954989172
75,112,Re,62.6,43300000000,186.955752217
75,113,Re, ,17.005,187.958113658
75,114,Re, ,24.3,188.959227764
75,115,Re, ,3,189.961800064
75,116,Re, ,9.8,190.963123322
75,117,Re, ,16,191.966088
75,118,Re, , ,192.967545
75,119,Re, ,5,193.970735
75,120,Re, ,6,194.97256
75,121,Re, ,3,195.975996
75,122,Re, ,160,196.978153
75,123,Re, ,160,197.98176
75,124,Re, ,160,198.984187
76,85,Os, ,0.64,160.989054
76,86,Os, ,2.1,161.984434
76,87,Os, ,5.5,162.982462
76,88,Os, ,21,163.978073158
76,89,Os, ,71,164.976654
76,90,Os, ,213,165.972698135
76,91,Os, ,0.81,166.971552304
76,92,Os, ,2.1,167.96779905
76,93,Os, ,3.43,168.967017521
76,94,Os, ,7.37,169.963579273
76,95,Os, ,8.3,170.963180402
76,96,Os, ,19.2,171.960017309
76,97,Os, ,22.4,172.959808387
76,98,Os, ,44,173.957063192
76,99,Os, ,1.4,174.956945126
76,100,Os, ,3.6,175.954770315
76,101,Os, ,3,176.954957902
76,102,Os, ,5,177.953253334
76,103,Os, ,6.5,178.953815985
76,104,Os, ,21.5,179.952381665
76,105,Os, ,105,180.953247188
76,106,Os, ,21.84,181.952110154
76,107,Os, ,13,182.953125028
76,108,Os,0.02,56000000000000,183.952492919
76,109,Os, ,93.6,184.954045969
76,110,Os,1.59,2000000000000000,185.953837569
76,111,Os,1.96,STABLE,186.955749569
76,112,Os,13.24,STABLE,187.955837292
76,113,Os,16.15,STABLE,188.958145949
76,114,Os,26.26,STABLE,189.958445442
76,115,Os, ,15.4,190.960928105
76,116,Os,40.78,STABLE,191.961478765
76,117,Os, ,29.83,192.964149637
76,118,Os, ,6,193.965179407
76,119,Os, ,6.5,194.968318
76,120,Os, ,34.9,195.969643261
76,121,Os, ,2.8,196.973076
76,122,Os, , ,197.974664
76,123,Os, ,5,198.978239
76,124,Os, ,6,199.980086
76,125,Os, ,160,200.984069
76,126,Os, ,160,201.986548
76,127,Os, , ,202.992195
77,87,Ir, , ,163.991966
77,88,Ir, ,1,164.987552
77,89,Ir, ,10.5,165.985716
77,90,Ir, ,35.2,166.981671973
77,91,Ir, ,222,167.979960978
77,92,Ir, ,0.353,168.976281743
77,93,Ir, ,0.87,169.975113
77,94,Ir, ,3.2,170.97164552
77,95,Ir, ,4.4,171.970607035
77,96,Ir, ,9,172.967505477
77,97,Ir, ,7.9,173.966949939
77,98,Ir, ,9,174.964149519
77,99,Ir, ,8.7,175.963626261
77,100,Ir, ,29.8,176.9613015
77,101,Ir, ,12,177.961079395
77,102,Ir, ,79,178.959117594
77,103,Ir, ,1.5,179.959229446
77,104,Ir, ,4.9,180.957634691
77,105,Ir, ,15,181.958076296
77,106,Ir, ,58,182.956841231
77,107,Ir, ,3.09,183.957476
77,108,Ir, ,14.4,184.956698
77,109,Ir, ,16.64,185.957946754
77,110,Ir, ,10.5,186.957542
77,111,Ir, ,41.5,187.958834999
77,112,Ir, ,13.2,188.958722602
77,113,Ir, ,11.78,189.960543374
77,114,Ir,37.3,STABLE,190.960591455
77,115,Ir, ,73.829,191.962602414
77,116,Ir,62.7,STABLE,192.962923753
77,117,Ir, ,19.18,193.965075703
77,118,Ir, ,2.29,194.965976898
77,119,Ir, ,52,195.968399669
77,120,Ir, ,5.8,196.969657217
77,121,Ir, ,8,197.972399
77,122,Ir, ,6,198.973807097
77,123,Ir, ,300,199.976844
77,124,Ir, ,300,200.978701
77,125,Ir, ,11,201.982136
77,126,Ir, , ,202.984573
77,127,Ir, ,160,203.989726
77,128,Ir, , ,204.993988
78,87,Pt, ,0.26,164.999658
78,88,Pt, ,300,165.994866
78,89,Pt, ,0.7,166.99275
78,90,Pt, ,2.02,167.988180196
78,91,Pt, ,7,168.986619
78,92,Pt, ,13.8,169.982502087
78,93,Pt, ,45.5,170.981248868
78,94,Pt, ,97.6,171.977341059
78,95,Pt, ,382,172.976449922
78,96,Pt, ,0.889,173.972820431
78,97,Pt, ,2.53,174.972400593
78,98,Pt, ,6.33,175.968938162
78,99,Pt, ,10,176.968469541
78,100,Pt, ,20.7,177.965649288
78,101,Pt, ,21.2,178.965358742
78,102,Pt, ,56,179.96303801
78,103,Pt, ,52,180.963089946
78,104,Pt, ,2.67,181.961171605
78,105,Pt, ,6.5,182.961595895
78,106,Pt, ,17.3,183.959921929
78,107,Pt, ,70.9,184.960613659
78,108,Pt, ,2.08,185.959350845
78,109,Pt, ,2.35,186.960616646
78,110,Pt, ,10.16,187.959397521
78,111,Pt, ,10.87,188.960848485
78,112,Pt,0.012,497000000000,189.959949823
78,113,Pt, ,2.83,190.961676261
78,114,Pt,0.782,STABLE,191.961042667
78,115,Pt, ,50,192.962984546
78,116,Pt,32.864,STABLE,193.962683498
78,117,Pt,33.775,STABLE,194.964794325
78,118,Pt,25.211,STABLE,195.964954648
78,119,Pt, ,19.8915,196.96734303
78,120,Pt,7.356,STABLE,197.967896718
78,121,Pt, ,30.8,198.970597022
78,122,Pt, ,12.6,199.971444609
78,123,Pt, ,2.5,200.974513305
78,124,Pt, ,44,201.975639
78,125,Pt, ,22,202.979055
78,126,Pt, ,10.3,203.981084
78,127,Pt, , ,204.986237
78,128,Pt, ,160,205.99008
78,129,Pt, ,160,206.995556
78,130,Pt, ,160,207.999463
79,91,Au, ,0.29,169.996024
79,92,Au, ,22,170.991881533
79,93,Au, ,22,171.989996704
79,94,Au, ,26.3,172.986224263
79,95,Au, ,120,173.984908
79,96,Au, , ,174.981316375
79,97,Au, , ,175.980116925
79,98,Au, ,1.501,176.976869701
79,99,Au, ,2.6,177.976056714
79,100,Au, ,7.1,178.973173666
79,101,Au, ,8.4,179.972489738
79,102,Au, ,13.7,180.970079102
79,103,Au, ,15.5,181.969614433
79,104,Au, ,42.8,182.967588106
79,105,Au, ,20.6,183.967451523
79,106,Au, ,4.25,184.965798871
79,107,Au, ,10.7,185.965952703
79,108,Au, ,8.3,186.964542147
79,109,Au, ,8.84,187.965247966
79,110,Au, ,28.7,188.963948286
79,111,Au, ,42.8,189.964751746
79,112,Au, ,3.18,190.963716452
79,113,Au, ,4.94,191.964817615
79,114,Au, ,17.65,192.964138442
79,115,Au, ,38.02,193.965419051
79,116,Au, ,186.01,194.965037823
79,117,Au, ,6.1669,195.966571213
79,118,Au,100,STABLE,196.966570103
79,119,Au, ,2.6941,197.968243714
79,120,Au, ,3.139,198.968766573
79,121,Au, ,48.4,199.970756558
79,122,Au, ,26,200.971657678
79,123,Au, ,28.4,201.973856
79,124,Au, ,60,202.975154492
79,125,Au, ,39.8,203.97811
79,126,Au, ,32,204.980064
79,127,Au, ,40,205.984766
79,128,Au, ,300,206.988577
79,129,Au, ,300,207.993655
79,130,Au, ,300,208.997606
79,131,Au, ,300,210.002877
80,90,Hg, ,0.08,170.005814
80,91,Hg, ,59,171.003585
80,92,Hg, ,231,171.998860581
80,93,Hg, ,0.8,172.997143
80,94,Hg, ,2.1,173.992870575
80,95,Hg, ,10.6,174.991444451
80,96,Hg, ,20.3,175.98734867
80,97,Hg, ,117,176.98628459
80,98,Hg, ,266.5,177.982484756
80,99,Hg, ,1.05,178.981821759
80,100,Hg, ,2.59,179.97826018
80,101,Hg, ,3.6,180.977819368
80,102,Hg, ,10.83,181.974689173
80,103,Hg, ,9.4,182.974444652
80,104,Hg, ,30.87,183.971717709
80,105,Hg, ,49.1,184.971890696
80,106,Hg, ,1.38,185.969362061
80,107,Hg, ,1.9,186.96981354
80,108,Hg, ,3.25,187.967580738
80,109,Hg, ,7.6,188.968194776
80,110,Hg, ,20,189.96632225
80,111,Hg, ,49,190.967158301
80,112,Hg, ,4.85,191.965634263
80,113,Hg, ,3.8,192.966653395
80,114,Hg, ,447,193.965449108
80,115,Hg, ,10.53,194.966705809
80,116,Hg,0.15,STABLE,195.965833445
80,117,Hg, ,64.14,196.967213715
80,118,Hg,10.04,STABLE,197.966769177
80,119,Hg,16.94,STABLE,198.968280994
80,120,Hg,23.14,STABLE,199.968326941
80,121,Hg,13.17,STABLE,200.970303054
80,122,Hg,29.74,STABLE,201.970643604
80,123,Hg, ,46.61,202.972872396
80,124,Hg,6.82,STABLE,203.973494037
80,125,Hg, ,5.14,204.976073151
80,126,Hg, ,8.32,205.977513837
80,127,Hg, ,2.9,206.9823
80,128,Hg, ,41,207.985759
80,129,Hg, ,36,208.990757
80,130,Hg, , ,209.99431
80,131,Hg, ,300,210.999581
80,132,Hg, , ,212.003242
80,133,Hg, ,300,213.008803
80,134,Hg, , ,214.012636
80,135,Hg, ,300,215.018368
80,136,Hg, ,300,216.022459
81,95,Tl, ,5.2,176.000627731
81,96,Tl, ,18,176.996414252
81,97,Tl, ,254,177.995047
81,98,Tl, ,0.23,178.991122185
81,99,Tl, ,1.09,179.98991895
81,100,Tl, ,3.2,180.986259978
81,101,Tl, ,3.1,181.985692649
81,102,Tl, ,6.9,182.982192843
81,103,Tl, ,10.1,183.981874973
81,104,Tl, ,19.5,184.978789189
81,105,Tl, ,27.5,185.978654787
81,106,Tl, ,51,186.97590474
81,107,Tl, ,71,187.976020886
81,108,Tl, ,2.3,188.973573525
81,109,Tl, ,2.6,189.973841771
81,110,Tl, , ,190.971784093
81,111,Tl, ,9.6,191.972225
81,112,Tl, ,21.6,192.970501994
81,113,Tl, ,33,193.971081408
81,114,Tl, ,1.16,194.969774052
81,115,Tl, ,1.84,195.970481189
81,116,Tl, ,2.84,196.969560492
81,117,Tl, ,5.3,197.970446669
81,118,Tl, ,7.42,198.969877
81,119,Tl, ,26.1,199.970963608
81,120,Tl, ,3.0421,200.970820235
81,121,Tl, ,12.31,201.972108874
81,122,Tl,29.515,STABLE,202.972344098
81,123,Tl, ,3.783,203.97386342
81,124,Tl,70.485,STABLE,204.974427318
81,125,Tl, ,4.202,205.976110108
81,126,Tl, ,4.77,206.977418605
81,127,Tl, ,3.053,207.982018006
81,128,Tl, ,2.162,208.985351713
81,129,Tl, ,1.3,209.990072942
81,130,Tl, ,88,210.993475
81,131,Tl, ,30.9,211.998335
81,132,Tl, ,46,213.001915
81,133,Tl, ,11,214.00694
81,134,Tl, ,300,215.010768
81,135,Tl, ,300,216.015964
81,136,Tl, , ,217.020032
82,96,Pb, ,0.12,178.003836171
82,97,Pb, ,3.5,179.002202492
82,98,Pb, ,4.1,179.997916177
82,99,Pb, ,45,180.9966606
82,100,Pb, ,55,181.992673537
82,101,Pb, ,535,182.991862527
82,102,Pb, ,490,183.988135634
82,103,Pb, ,6.3,184.98761
82,104,Pb, ,4.82,185.984239409
82,105,Pb, ,15.2,186.983910842
82,106,Pb, ,25.5,187.980879079
82,107,Pb, ,39,188.980843658
82,108,Pb, ,71,189.978081872
82,109,Pb, ,1.33,190.978216455
82,110,Pb, ,3.5,191.975789598
82,111,Pb, , ,192.976135914
82,112,Pb, ,10.7,193.974011788
82,113,Pb, ,15,194.974516167
82,114,Pb, ,37,195.972787552
82,115,Pb, ,8.1,196.973434737
82,116,Pb, ,2.4,197.97201545
82,117,Pb, ,90,198.97291262
82,118,Pb, ,21.5,199.971818546
82,119,Pb, ,9.33,200.972870431
82,120,Pb, ,52500,201.972151613
82,121,Pb, ,51.92,202.973390617
82,122,Pb,1.4,1.4E+017,203.973043506
82,123,Pb, ,17000000,204.974481682
82,124,Pb,24.1,STABLE,205.97446521
82,125,Pb,22.1,STABLE,206.975896821
82,126,Pb,52.4,STABLE,207.976652005
82,127,Pb, ,3.234,208.981089978
82,128,Pb, ,22.2,209.984188381
82,129,Pb, ,36.1,210.988735288
82,130,Pb, ,10.622,211.991895891
82,131,Pb, ,10.2,212.996560796
82,132,Pb, ,27.06,213.999803521
82,133,Pb, ,147,215.004661591
82,134,Pb, ,300,216.008062
82,135,Pb, ,19.9,217.013162
82,136,Pb, ,15,218.016779
82,137,Pb, , ,219.022136
82,138,Pb, ,300,220.025905
83,101,Bi, ,13,184.001347
83,102,Bi, ,58,184.9976
83,103,Bi, ,15,185.996623169
83,104,Bi, ,37,186.993147272
83,105,Bi, ,60,187.992276064
83,106,Bi, ,688,188.989195139
83,107,Bi, ,6.3,189.988624828
83,108,Bi, ,12.4,190.985786972
83,109,Bi, ,34.6,191.985470077
83,110,Bi, ,63.6,192.98294722
83,111,Bi, ,95,193.982798581
83,112,Bi, ,183,194.980648759
83,113,Bi, ,308,195.980666509
83,114,Bi, ,9.33,196.978864927
83,115,Bi, ,10.3,197.979201316
83,116,Bi, ,27,198.977672841
83,117,Bi, ,36.4,199.97813129
83,118,Bi, ,103,200.976995017
83,119,Bi, ,1.71,201.977723042
83,120,Bi, ,11.76,202.976892077
83,121,Bi, ,11.22,203.977835687
83,122,Bi, ,14.91,204.977385182
83,123,Bi, ,6.243,205.978498843
83,124,Bi, ,31.55,206.978470551
83,125,Bi, ,368000,207.97974206
83,126,Bi,100,2.01E+019,208.980398599
83,127,Bi, ,5.012,209.984120237
83,128,Bi, ,2.14,210.987268715
83,129,Bi, ,60.55,211.99128503
83,130,Bi, ,45.59,212.99438357
83,131,Bi, ,19.71,213.998710909
83,132,Bi, ,7.6,215.001749095
83,133,Bi, ,2.25,216.006305985
83,134,Bi, ,98.5,217.009372
83,135,Bi, ,33,218.014188
83,136,Bi, ,22,219.01752
83,137,Bi, ,300,220.022501
83,138,Bi, ,300,221.02598
83,139,Bi, ,300,222.031079
83,140,Bi, ,300,223.034611
83,141,Bi, ,300,224.039796
84,102,Po, ,28,186.004403174
84,103,Po, ,1.4,187.003031482
84,104,Po, ,0.27,187.999415586
84,105,Po, ,3.5,188.998473425
84,106,Po, ,2.45,189.995101731
84,107,Po, ,22,190.994558494
84,108,Po, ,32.2,191.991340274
84,109,Po, ,399,192.991062421
84,110,Po, ,0.392,193.988186058
84,111,Po, ,4.64,194.988065781
84,112,Po, ,5.8,195.985540722
84,113,Po, ,84,196.985621939
84,114,Po, ,1.76,197.983388753
84,115,Po, ,5.47,198.983640445
84,116,Po, ,11.51,199.981812355
84,117,Po, ,15.6,200.982263799
84,118,Po, ,44.6,201.980738934
84,119,Po, ,36.7,202.981416072
84,120,Po, ,3.519,203.980310078
84,121,Po, ,1.74,204.981190006
84,122,Po, ,8.8,205.980473662
84,123,Po, ,5.8,206.981593334
84,124,Po, ,2.898,207.981246035
84,125,Po, ,124,208.982430361
84,126,Po, ,138.376,209.982873686
84,127,Po, ,0.516,210.986653171
84,128,Po, ,294.3,211.988867982
84,129,Po, ,3.72,212.992857154
84,130,Po, ,163.46,213.995201287
84,131,Po, ,1.781,214.999418385
84,132,Po, ,0.145,216.001913416
84,133,Po, ,1.53,217.006316145
84,134,Po, ,3.097,218.008971234
84,135,Po, ,620,219.013614
84,136,Po, ,300,220.016386
84,137,Po, ,112,221.021228
84,138,Po, ,550,222.02414
84,139,Po, ,300,223.02907
84,140,Po, ,300,224.03211
84,141,Po, ,300,225.037123
84,142,Po, ,300,226.04031
84,143,Po, ,300,227.04539
85,106,At, ,1.7,191.004148081
85,107,At, ,88,192.003140912
85,108,At, ,28,192.999927725
85,109,At, ,286,193.999230816
85,110,At, ,290,194.99627448
85,111,At, ,0.388,195.995799034
85,112,At, ,0.388,196.993177353
85,113,At, ,4.2,197.992797864
85,114,At, ,7.03,198.990527715
85,115,At, ,43,199.990351099
85,116,At, ,85.2,200.988417058
85,117,At, ,184,201.988625686
85,118,At, ,7.4,202.986942904
85,119,At, ,9.12,203.987251393
85,120,At, ,26.9,204.986060546
85,121,At, ,30.6,205.986645768
85,122,At, ,1.81,206.985799715
85,123,At, ,1.63,207.986613011
85,124,At, ,5.42,208.986168701
85,125,At, ,8.1,209.987147423
85,126,At, ,7.214,210.987496226
85,127,At, ,0.314,211.990737301
85,128,At, ,125,212.992936593
85,129,At, ,558,213.996372331
85,130,At, ,0.1,214.998651002
85,131,At, ,0.3,216.002422643
85,132,At, ,32.6,217.004717794
85,133,At, ,1.28,218.008695941
85,134,At, ,56,219.011160587
85,135,At, ,3.71,220.015433
85,136,At, ,2.3,221.018017
85,137,At, ,54,222.022494
85,138,At, ,50,223.025151
85,139,At, ,1.3,224.029749
85,140,At, ,300,225.032528
85,141,At, ,300,226.037209
85,142,At, ,300,227.040183
85,143,At, ,300,228.04496
85,144,At, ,300,229.048191
86,107,Rn, ,1.15,193.009707973
86,108,Rn, ,0.78,194.006145636
86,109,Rn, ,6,195.005421703
86,110,Rn, ,4.4,196.002120431
86,111,Rn, ,65,197.001621446
86,112,Rn, ,65,197.998679197
86,113,Rn, ,0.59,198.998325436
86,114,Rn, ,1.03,199.995705335
86,115,Rn, ,7,200.995590511
86,116,Rn, ,9.7,201.993263982
86,117,Rn, ,44.2,202.993361155
86,118,Rn, ,74.5,203.991443729
86,119,Rn, ,170,204.991723228
86,120,Rn, ,5.67,205.990195409
86,121,Rn, ,9.25,206.990730224
86,122,Rn, ,24.35,207.989634513
86,123,Rn, ,28.8,208.990401389
86,124,Rn, ,2.4,209.989688862
86,125,Rn, ,14.6,210.990600767
86,126,Rn, ,23.9,211.990703946
86,127,Rn, ,19.5,212.993885147
86,128,Rn, ,259,213.99536265
86,129,Rn, ,2.3,214.998745037
86,130,Rn, ,45,216.000271942
86,131,Rn, ,0.54,217.003927632
86,132,Rn, ,33.75,218.005601123
86,133,Rn, ,3.96,219.009478683
86,134,Rn, ,55.6,220.011392443
86,135,Rn, ,25,221.015535637
86,136,Rn, ,3.8235,222.017576017
86,137,Rn, ,24.3,223.021889283
86,138,Rn, ,107,224.024095803
86,139,Rn, ,4.66,225.028485572
86,140,Rn, ,7.4,226.03086138
86,141,Rn, ,20.2,227.035304393
86,142,Rn, ,65,228.037835415
86,143,Rn, ,12,229.042257272
87,110,Fr, ,0.6,197.011008086
87,111,Fr, ,15,198.010282081
87,112,Fr, ,12,199.007269384
87,113,Fr, ,49,200.006584666
87,114,Fr, ,62,201.003852491
87,115,Fr, ,0.3,202.003329637
87,116,Fr, ,0.55,203.000940867
87,117,Fr, ,1.8,204.000651972
87,118,Fr, ,3.9,204.998593854
87,119,Fr, ,16,205.998661441
87,120,Fr, ,14.8,206.99694145
87,121,Fr, ,59.1,207.997139082
87,122,Fr, ,50.5,208.995939701
87,123,Fr, ,3.18,209.996410596
87,124,Fr, ,3.1,210.995555189
87,125,Fr, ,20,211.99622542
87,126,Fr, ,34.82,212.99618441
87,127,Fr, ,5.5,213.998971193
87,128,Fr, ,86,215.000341534
87,129,Fr, ,0.7,216.003189523
87,130,Fr, ,22,217.00463198
87,131,Fr, ,1.1,218.00757862
87,132,Fr, ,24,219.009250664
87,133,Fr, ,27.4,220.012326789
87,134,Fr, ,4.9,221.014253714
87,135,Fr, ,14.2,222.017582615
87,136,Fr, ,22,223.019734241
87,137,Fr, ,3.33,224.023348096
87,138,Fr, ,3.95,225.025572466
87,139,Fr, ,49,226.029544512
87,140,Fr, ,2.47,227.031865413
87,141,Fr, ,38,228.035839433
87,142,Fr, ,50.2,229.038291443
87,143,Fr, ,19.1,230.042390787
87,144,Fr, ,17.6,231.045175353
87,145,Fr, ,5.5,232.049461219
87,146,Fr, ,0.9,233.052517833
88,113,Ra, ,1.6,201.012814699
88,114,Ra, ,16,202.009742305
88,115,Ra, ,31,203.009233907
88,116,Ra, ,57,204.006506855
88,117,Ra, ,210,205.006230692
88,118,Ra, ,0.24,206.003827842
88,119,Ra, ,1.35,207.00377242
88,120,Ra, ,1.3,208.001855012
88,121,Ra, ,4.8,209.001994902
88,122,Ra, ,3.7,210.000475406
88,123,Ra, ,13,211.000893049
88,124,Ra, ,13,211.999786619
88,125,Ra, ,2.73,213.000370971
88,126,Ra, ,2.438,214.00009956
88,127,Ra, ,1.66,215.002718208
88,128,Ra, ,182,216.003533534
88,129,Ra, ,1.6,217.006322676
88,130,Ra, ,25.91,218.007134297
88,131,Ra, ,9,219.010084715
88,132,Ra, ,18,220.011027542
88,133,Ra, ,28,221.013917293
88,134,Ra, ,38,222.015373371
88,135,Ra, ,11.43,223.018500648
88,136,Ra, ,3.6319,224.020210361
88,137,Ra, ,14.9,225.023610502
88,138,Ra, ,1600,226.025408186
88,139,Ra, ,42.2,227.029176205
88,140,Ra, ,5.75,228.031068574
88,141,Ra, ,4,229.034956703
88,142,Ra, ,93,230.037054776
88,143,Ra, ,104,231.041027085
88,144,Ra, ,4.2,232.043475267
88,145,Ra, ,30,233.04759457
88,146,Ra, ,30,234.0503821
89,116,Ac, ,20,205.015144152
89,117,Ac, ,22,206.014476477
89,118,Ac, ,27,207.011965967
89,119,Ac, ,95,208.011552251
89,120,Ac, ,0.087,209.009495375
89,121,Ac, ,0.35,210.009408625
89,122,Ac, ,0.21,211.007668846
89,123,Ac, ,880,212.007836442
89,124,Ac, ,738,213.006592665
89,125,Ac, ,8.2,214.0069064
89,126,Ac, ,0.17,215.006474061
89,127,Ac, ,440,216.008749101
89,128,Ac, ,69,217.009342325
89,129,Ac, ,1.03,218.01164886
89,130,Ac, ,11.8,219.012420425
89,131,Ac, ,26.4,220.014754527
89,132,Ac, ,52,221.015599721
89,133,Ac, ,5,222.017844232
89,134,Ac, ,2.1,223.019135982
89,135,Ac, ,2.78,224.021722249
89,136,Ac, ,9.92,225.023228601
89,137,Ac, ,29.37,226.026096999
89,138,Ac, ,21.772,227.027750594
89,139,Ac, ,6.15,228.031019685
89,140,Ac, ,62.7,229.032947
89,141,Ac, ,122,230.036327
89,142,Ac, ,7.5,231.038393
89,143,Ac, ,119,232.042034
89,144,Ac, ,143,233.044346
89,145,Ac, ,44,234.048139
89,146,Ac, ,62,235.05084
89,147,Ac, ,1.2,236.054988
90,118,Th, ,1.7,208.017915348
90,119,Th, ,2.5,209.017601
90,120,Th, ,16,210.015093515
90,121,Th, ,37,211.014896923
90,122,Th, ,31.7,212.01300157
90,123,Th, ,144,213.01301147
90,124,Th, ,87,214.01148148
90,125,Th, ,1.2,215.01172464
90,126,Th, ,26,216.011055933
90,127,Th, ,0.252,217.013103443
90,128,Th, ,122,218.013276248
90,129,Th, ,1.025,219.015526432
90,130,Th, ,9.7,220.015769866
90,131,Th, ,1.74,221.018185757
90,132,Th, ,2.24,222.01846822
90,133,Th, ,0.6,223.020811083
90,134,Th, ,1.04,224.021466137
90,135,Th, ,8.75,225.023950975
90,136,Th, ,30.57,226.024903699
90,137,Th, ,18.697,227.027702546
90,138,Th, ,1.9116,228.028739741
90,139,Th, ,7880,229.031761357
90,140,Th,0.02,75400,230.033132267
90,141,Th, ,25.52,231.036302764
90,142,Th,99.98,14000000000,232.038053606
90,143,Th, ,21.83,233.041580126
90,144,Th, ,24.1,234.043599801
90,145,Th, ,7.2,235.047255
90,146,Th, ,37.3,236.049657
90,147,Th, ,4.8,237.053629
90,148,Th, ,9.4,238.056388
91,120,Pa, ,300,211.023674036
91,121,Pa, ,5.1,212.023184819
91,122,Pa, ,5.3,213.021099644
91,123,Pa, ,17,214.020891055
91,124,Pa, ,14,215.019113955
91,125,Pa, ,0.15,216.019134633
91,126,Pa, ,3.8,217.018309024
91,127,Pa, ,109,218.020021133
91,128,Pa, ,54,219.019949909
91,129,Pa, ,0.78,220.021769753
91,130,Pa, ,5.9,221.021873393
91,131,Pa, ,2.9,222.023687064
91,132,Pa, ,5.1,223.023980414
91,133,Pa, ,0.846,224.025617286
91,134,Pa, ,1.7,225.026147927
91,135,Pa, ,1.8,226.027948217
91,136,Pa, ,38.3,227.028803586
91,137,Pa, ,22,228.031050758
91,138,Pa, ,1.5,229.032095585
91,139,Pa, ,17.4,230.034539717
91,140,Pa,100,32760,231.0358825
91,141,Pa, ,1.32,232.038590205
91,142,Pa, ,26.975,233.040246535
91,143,Pa, ,6.7,234.043305555
91,144,Pa, ,24.4,235.045399
91,145,Pa, ,9.1,236.048668
91,146,Pa, ,8.7,237.051023
91,147,Pa, ,2.28,238.054637
91,148,Pa, ,1.8,239.05726
92,122,U, ,0.52,#VALUE!
92,123,U, ,0.7,215.026719774
92,124,U, ,4.5,216.024762829
92,125,U, ,16,217.02466
92,126,U, ,0.65,218.023504877
92,127,U, ,60,219.025009233
92,129,U, ,0.66,221.026323297
92,130,U, ,4.7,222.026057957
92,131,U, ,18,223.027960754
92,132,U, ,0.84,224.027635913
92,133,U, ,69,225.02938505
92,134,U, ,268,226.029338669
92,135,U, ,1.1,227.031181124
92,136,U, ,9.1,228.031368959
92,137,U, ,58,229.033505976
92,138,U, ,20.23,230.033940114
92,139,U, ,4.2,231.03629218
92,140,U, ,68.9,232.037154765
92,141,U, ,159190,233.039634294
92,142,U,0.0054,245500,234.040950296
92,143,U,0.7204,704000000,235.043928117
92,144,U, ,23420000,236.04556613
92,145,U, ,6.752,237.048728309
92,146,U,99.2742,4468000000,238.050786936
92,147,U, ,23.45,239.054291989
92,148,U, ,14.1,240.056592411
92,149,U, , ,241.06033
92,150,U, ,16.8,242.062931
92,151,U, , ,243.067075
92,152,U, , ,#VALUE!
92,153,U, , ,#VALUE!
92,154,U, , ,#VALUE!
92,155,U, , ,#VALUE!
92,156,U, , ,#VALUE!
92,157,U, , ,#VALUE!
92,158,U, , ,#VALUE!
92,159,U, , ,#VALUE!
92,160,U, , ,#VALUE!
92,161,U, , ,#VALUE!
92,162,U, , ,#VALUE!
92,163,U, , ,#VALUE!
93,126,Np, ,0.15,219.031601865
93,127,Np, ,25,220.03271628
93,130,Np, ,2.2,223.03291334
93,131,Np, ,38,224.03438803
93,132,Np, ,3.6,225.033943422
93,133,Np, ,35,226.035230364
93,134,Np, ,0.51,227.034975012
93,135,Np, ,61.4,228.036313
93,136,Np, ,4,229.036287269
93,137,Np, ,4.6,230.03782806
93,138,Np, ,48.8,231.038243598
93,139,Np, ,14.7,232.040107
93,140,Np, ,36.2,233.040739421
93,141,Np, ,4.4,234.042893245
93,142,Np, ,396.1,235.044061518
93,143,Np, ,153000,236.046568296
93,144,Np, ,2144000,237.04817164
93,145,Np, ,2.099,238.050944603
93,146,Np, ,2.356,239.052937538
93,147,Np, ,61.9,240.056163778
93,148,Np, ,13.9,241.058309671
93,149,Np, ,2.2,242.061639548
93,150,Np, ,1.85,243.064204
93,151,Np, ,2.29,244.067891
93,159,Np, , ,#VALUE!
94,134,Pu, ,1.1,228.038763325
94,135,Pu, ,90,229.040145099
94,136,Pu, ,102,230.039648313
94,137,Pu, ,8.6,231.041125946
94,138,Pu, ,33.8,232.041182133
94,139,Pu, ,20.9,233.042997411
94,140,Pu, ,8.8,234.043317489
94,141,Pu, ,25.3,235.045284609
94,142,Pu, ,2.858,236.046056661
94,143,Pu, ,45.64,237.048407888
94,144,Pu, ,87.7,238.049558175
94,145,Pu, ,24110,239.052161596
94,146,Pu, ,6561,240.05381174
94,147,Pu, ,14.329,241.056849651
94,148,Pu, ,375000,242.058740979
94,149,Pu, ,4.956,243.062002068
94,150,Pu, ,81300000,244.064204401
94,151,Pu, ,10.5,245.067824554
94,152,Pu, ,10.84,246.070204172
94,153,Pu, ,2.27,247.0743
94,158,Pu, , ,#VALUE!
95,128,Am, ,5,223.04584
95,134,Am, ,0.9,229.045282534
95,135,Am, ,31,230.046025
95,137,Am, ,79,232.046613
95,138,Am, ,3.2,233.046468
95,139,Am, ,2.32,234.047731
95,140,Am, ,10.3,235.047906478
95,141,Am, ,3.6,236.049427
95,142,Am, ,73.6,237.049995
95,143,Am, ,98,238.051982531
95,144,Am, ,11.9,239.053022729
95,145,Am, ,50.8,240.055298374
95,146,Am, ,432.6,241.056827343
95,147,Am, ,16.02,242.059547358
95,148,Am, ,7364,243.061379889
95,149,Am, ,10.1,244.064282892
95,150,Am, ,2.05,245.066452827
95,151,Am, ,39,246.069774
95,152,Am, ,23,247.072092
95,153,Am, , ,248.075752
95,157,Am, , ,#VALUE!
96,137,Cm, ,23,233.050771485
96,138,Cm, ,51,234.050158568
96,139,Cm, , ,235.051545
96,140,Cm, , ,236.051372112
96,141,Cm, , ,237.052868988
96,142,Cm, ,2.2,238.053081606
96,143,Cm, ,2.7,239.054908519
96,144,Cm, ,27,240.055528233
96,145,Cm, ,32.8,241.057651218
96,146,Cm, ,162.8,242.058834187
96,147,Cm, ,29.1,243.061387329
96,148,Cm, ,18.11,244.062750622
96,149,Cm, ,8423,245.065491047
96,150,Cm, ,4706,246.067222016
96,151,Cm, ,15600000,247.070352678
96,152,Cm, ,348000,248.072349086
96,153,Cm, ,64.15,249.075953992
96,154,Cm, ,8300,250.078357541
96,155,Cm, ,16.8,251.082284988
96,156,Cm, ,2,252.08487
97,136,Bk, ,21,233.056652
97,137,Bk, ,140,234.057322
97,139,Bk, ,22,236.057479
97,141,Bk, ,144,238.058204
97,142,Bk, , ,239.058239
97,143,Bk, ,4.8,240.059758
97,144,Bk, ,4.6,241.060098
97,145,Bk, ,7,242.061999
97,146,Bk, ,4.6,243.063005905
97,147,Bk, ,5.02,244.065178969
97,148,Bk, ,4.95,245.066359814
97,149,Bk, ,1.8,246.0686713
97,150,Bk, ,1380,247.070305889
97,151,Bk, ,9,248.073141689
97,152,Bk, ,330,249.074983118
97,153,Bk, ,3.212,250.078317195
97,154,Bk, ,55.6,251.080760555
97,155,Bk, , ,252.08431
97,156,Bk, ,10,253.08688
98,139,Cf, ,2.1,237.062199272
98,140,Cf, ,21.1,238.06149
98,141,Cf, ,39,239.062482
98,142,Cf, ,0.96,240.062253447
98,143,Cf, ,3.78,241.06369
98,144,Cf, ,3.7,242.063754544
98,145,Cf, ,10.7,243.065475
98,146,Cf, ,19.4,244.065999447
98,147,Cf, ,45,245.068046755
98,148,Cf, ,35.7,246.068803685
98,149,Cf, ,3.11,247.070971348
98,150,Cf, ,333.5,248.072182905
98,151,Cf, ,351,249.074850428
98,152,Cf, ,13.08,250.076404494
98,153,Cf, ,898,251.079587171
98,154,Cf, ,2.647,252.081626507
98,155,Cf, ,17.81,253.085133723
98,156,Cf, ,60.5,254.087323575
98,157,Cf, ,85,255.091046
98,158,Cf, ,12.3,256.093442
99,141,Es, ,6,240.068949
99,142,Es, ,8,241.068592
99,143,Es, ,13.5,242.069567
99,144,Es, ,21,243.069508
99,145,Es, ,37,244.070881
99,146,Es, ,1.1,245.071192
99,147,Es, ,7.5,246.072806474
99,148,Es, , ,247.073621929
99,149,Es, ,24,248.075469
99,150,Es, ,102.2,249.076409
99,151,Es, ,8.6,250.078611
99,152,Es, ,33,251.079991431
99,153,Es, ,471.7,252.082979173
99,154,Es, ,20.47,253.084821241
99,155,Es, ,275.7,254.088024337
99,156,Es, ,39.8,255.090273504
99,157,Es, ,25.4,256.093597
99,158,Es, ,7.7,257.095979
100,141,Fm, ,0.73,241.074311
100,142,Fm, ,0.8,242.07343
100,143,Fm, ,231,243.074414
100,144,Fm, ,3.12,244.074036
100,145,Fm, ,4.2,245.075354
100,146,Fm, ,1.54,246.075353334
100,147,Fm, ,31,247.076944
100,148,Fm, ,34.5,248.077185451
100,149,Fm, ,2.6,249.078926042
100,150,Fm, ,30,250.079519765
100,151,Fm, ,5.3,251.08154513
100,152,Fm, ,25.39,252.082466019
100,153,Fm, ,3,253.085180945
100,154,Fm, ,3.24,254.086852424
100,155,Fm, ,20.07,255.089963495
100,156,Fm, ,157.1,256.091771699
100,157,Fm, ,100.5,257.095105419
100,158,Fm, ,370,258.097077
100,159,Fm, ,1.5,259.100596
101,143,Md, ,0.38,244.081157
101,144,Md, ,0.9,245.080864
101,145,Md, ,0.9,246.081713
101,146,Md, ,1.2,247.08152
101,147,Md, ,7,248.082607
101,148,Md, ,21.7,249.082857155
101,149,Md, ,52,250.084164934
101,150,Md, ,4,251.084774287
101,151,Md, ,2.3,252.086385
101,152,Md, ,6,253.087143
101,153,Md, ,10,254.08959
101,154,Md, ,27,255.091081702
101,155,Md, ,77.7,256.093888
101,156,Md, ,5.52,257.095537343
101,157,Md, ,51.5,258.098433634
101,158,Md, ,1.6,259.100445
101,159,Md, ,31.8,260.10365
102,146,No, ,2,248.086623
102,148,No, ,4.2,250.087565
102,149,No, ,0.8,251.088942
102,150,No, ,2.46,252.08896607
102,151,No, ,1.62,253.09056278
102,152,No, ,51.2,254.090954211
102,153,No, ,3.52,255.093196439
102,154,No, ,2.91,256.094281912
102,155,No, ,24.5,257.096884203
102,156,No, ,1.2,258.098205
102,157,No, ,58,259.100998364
102,158,No, ,106,260.102641
102,160,No, ,5,262.107463
103,149,Lr, ,0.33,252.095048
103,150,Lr, ,0.57,253.09503385
103,151,Lr, ,18.1,254.096238813
103,152,Lr, ,31.1,255.096562399
103,153,Lr, ,27.9,256.098494024
103,154,Lr, ,4,257.09948
103,155,Lr, ,3.92,258.101753
103,156,Lr, ,6.2,259.1029
103,157,Lr, ,180,260.105504
103,158,Lr, ,39,261.106879
103,159,Lr, ,4,262.109615
103,163,Lr, ,11,266.119874
104,149,Rf, ,11,253.100528
104,150,Rf, ,23.2,254.100055
104,151,Rf, ,1.68,255.101267
104,152,Rf, ,6.67,256.101151464
104,153,Rf, ,4.4,257.102916796
104,154,Rf, ,12,258.103429895
104,155,Rf, ,2.4,259.105601
104,156,Rf, ,21,260.10644
104,157,Rf, ,68,261.108769591
104,158,Rf, ,2.3,262.109923
104,159,Rf, ,10,263.112461
104,161,Rf, ,1,265.116683
104,163,Rf, , ,267.121787
105,150,Db, ,1.6,255.106919
105,151,Db, ,1.6,256.107674
105,152,Db, ,2.3,257.107520042
105,153,Db, ,4.3,258.108972995
105,154,Db, ,0.51,259.109491859
105,155,Db, ,1.52,260.111297
105,156,Db, ,1.8,261.111979
105,157,Db, ,35,262.114067
105,158,Db, ,27,263.114987
105,161,Db, ,0.4,266.121032
105,162,Db, , ,267.122399
105,163,Db, ,28,268.125669
105,165,Db, ,15,270.131399
106,152,Sg, ,2.5,258.11304
106,153,Sg, ,0.29,259.114353
106,154,Sg, ,3.6,260.114383435
106,155,Sg, ,0.23,261.115948135
106,156,Sg, ,6.9,262.116338978
106,157,Sg, ,1,263.118299
106,158,Sg, ,37,264.11893
106,159,Sg, ,14.4,265.121089
106,160,Sg, ,0.34,266.121973
106,163,Sg, ,3.1,269.128495
106,165,Sg, ,2.4,271.133782
107,153,Bh, ,35,260.121443
107,154,Bh, ,12,261.121395733
107,155,Bh, ,102,262.122654688
107,156,Bh, , ,263.122916
107,157,Bh, ,0.44,264.124486
107,158,Bh, , ,265.124955
107,159,Bh, ,2.1,266.12679
107,160,Bh, ,17,267.127499
107,163,Bh, ,1,270.133366
107,164,Bh, , ,271.135115
107,165,Bh, ,10.5,272.138259
107,167,Bh, ,44,274.143599
107,171,Bh, ,19,278.154988
108,155,Hs, , ,263.128479
108,156,Hs, ,0.8,264.12835633
108,157,Hs, ,2,265.129791744
108,158,Hs, ,2.97,266.130048783
108,159,Hs, ,52,267.131678
108,160,Hs, ,0.4,268.132011
108,161,Hs, ,9.7,269.133649
108,162,Hs, ,7.6,270.134313
108,165,Hs, ,0.76,273.141458
108,167,Hs, ,0.15,275.14653
108,169,Hs, ,3,277.151772
108,170,Hs, ,19,278.153753
109,157,Mt, ,2.1,266.137062253
109,159,Mt, ,21,268.138649
109,161,Mt, ,0.48,270.140322
109,165,Mt, ,0.44,274.147343
109,166,Mt, , ,275.148972
109,167,Mt, ,0.69,276.151705
109,168,Mt, ,5,277.153525
109,169,Mt, ,4.5,278.156487
109,173,Mt, ,1.1,282.166888
110,157,Ds, , ,267.143726
110,159,Ds, , ,269.144750965
110,160,Ds, ,0.2,270.14458662
110,161,Ds, ,1.63,271.145951
110,163,Ds, ,0.17,273.148455
110,167,Ds, ,4.1,277.155763
110,169,Ds, ,0.18,279.159984
110,170,Ds, ,7,280.161375
110,171,Ds, ,9.6,281.164545
110,172,Ds, ,1.1,282.166174
111,161,Rg, ,3.8,272.153273
111,163,Rg, ,12,274.155247
111,167,Rg, ,4.2,278.16159
111,168,Rg, ,0.17,279.16288
111,169,Rg, ,4.4,280.165204
111,170,Rg, ,26,281.166757
111,171,Rg, ,100,282.169343
111,175,Rg, ,11,286.178756
112,165,Cn, ,0.69,277.163535
112,169,Cn, ,0.13,281.169563
112,170,Cn, ,0.96,282.170507
112,171,Cn, ,4,283.173202
112,172,Cn, ,108,284.17436
112,173,Cn, ,34,285.177227
112,174,Cn, ,11,286.178691
113,165,Nh, ,1.4,278.170725
113,169,Nh, ,0.07,282.17577
113,170,Nh, , ,283.176666
113,171,Nh, ,0.97,284.178843
113,172,Nh, ,5.5,285.180106
113,173,Nh, ,9.5,286.182456
113,177,Nh, ,2,290.191429
114,170,Fl, ,2.5,284.181192
114,172,Fl, ,166,286.184226
114,173,Fl, ,0.51,287.18672
114,174,Fl, ,0.64,288.187781
114,175,Fl, ,2.7,289.190517
114,176,Fl, ,19,290.191875
115,172,Mc, , ,287.19082
115,173,Mc, ,0.17,288.192879
115,174,Mc, ,0.22,289.193971
115,175,Mc, ,0.65,290.196235
116,174,Lv, ,8.3,290.198635
116,175,Lv, , ,291.201014
116,176,Lv, ,12.8,292.201969
116,177,Lv, ,53,293.204583
116,178,Lv, , ,#VALUE!
117,176,Ts, ,14,293.208727
117,177,Ts, ,51,294.21084
118,176,Og, ,0.58,294.213979
